flight_number,origin,destination,scheduled_departure,status,delay_minutes
DXB0001,DEL,DXB,2024-04-16 16:03:00,Diverted,130
DXB0002,JFK,DXB,2024-04-17 05:05:00,Cancelled,52
DXB0003,MUM,DXB,2024-04-17 06:27:00,On Time,157
DXB0004,JFK,DXB,2024-04-16 20:10:00,On Time,124
DXB0005,JFK,DXB,2024-04-16 11:11:00,On Time,60
DXB0006,CDG,DXB,2024-04-17 01:20:00,On Time,39
DXB0007,MUM,DXB,2024-04-16 16:43:00,Delayed,139
DXB0008,MUM,DXB,2024-04-16 23:17:00,On Time,135
DXB0009,MUM,DXB,2024-04-16 14:40:00,Delayed,244
DXB0010,JFK,DXB,2024-04-16 22:45:00,On Time,147
DXB0011,DEL,DXB,2024-04-16 19:44:00,On Time,84
DXB0012,MUM,DXB,2024-04-16 08:21:00,On Time,127
DXB0013,JFK,DXB,2024-04-16 15:53:00,Delayed,86
DXB0014,CDG,DXB,2024-04-17 03:03:00,Diverted,126
DXB0015,DEL,DXB,2024-04-16 11:29:00,On Time,122
DXB0016,CDG,DXB,2024-04-16 13:05:00,Delayed,254
DXB0017,DEL,DXB,2024-04-17 05:33:00,On Time,105
DXB0018,JFK,DXB,2024-04-16 19:43:00,On Time,32
DXB0019,LHR,DXB,2024-04-16 19:26:00,On Time,163
DXB0020,DEL,DXB,2024-04-16 12:44:00,Diverted,118
DXB0021,CDG,DXB,2024-04-16 19:55:00,On Time,165
DXB0022,JFK,DXB,2024-04-16 20:42:00,On Time,54
DXB0023,DEL,DXB,2024-04-17 04:50:00,On Time,152
DXB0024,LHR,DXB,2024-04-16 23:47:00,On Time,103
DXB0025,LHR,DXB,2024-04-16 14:20:00,Delayed,273
DXB0026,MUM,DXB,2024-04-16 15:39:00,Diverted,19
DXB0027,MUM,DXB,2024-04-17 01:10:00,On Time,136
DXB0028,CDG,DXB,2024-04-16 08:28:00,On Time,69
DXB0029,DEL,DXB,2024-04-16 23:06:00,On Time,51
DXB0030,DEL,DXB,2024-04-17 01:36:00,On Time,70
DXB0031,MUM,DXB,2024-04-16 22:38:00,On Time,116
DXB0032,DEL,DXB,2024-04-16 09:18:00,On Time,107
DXB0033,DEL,DXB,2024-04-16 23:46:00,On Time,87
DXB0034,LHR,DXB,2024-04-16 15:38:00,Delayed,173
DXB0035,MUM,DXB,2024-04-16 17:29:00,Delayed,301
DXB0036,JFK,DXB,2024-04-16 20:17:00,On Time,118
DXB0037,MUM,DXB,2024-04-17 05:48:00,On Time,65
DXB0038,JFK,DXB,2024-04-16 16:35:00,Diverted,44
DXB0039,LHR,DXB,2024-04-17 02:42:00,On Time,25
DXB0040,CDG,DXB,2024-04-16 14:36:00,Delayed,183
DXB0041,DEL,DXB,2024-04-16 08:38:00,On Time,90
DXB0042,LHR,DXB,2024-04-17 05:34:00,On Time,104
DXB0043,DEL,DXB,2024-04-16 22:46:00,On Time,137
DXB0044,CDG,DXB,2024-04-16 21:16:00,Diverted,139
DXB0045,CDG,DXB,2024-04-16 10:36:00,On Time,136
DXB0046,LHR,DXB,2024-04-17 02:18:00,On Time,108
DXB0047,CDG,DXB,2024-04-16 22:43:00,On Time,117
DXB0048,JFK,DXB,2024-04-17 03:13:00,On Time,176
DXB0049,CDG,DXB,2024-04-17 00:13:00,On Time,45
DXB0050,DEL,DXB,2024-04-17 02:27:00,On Time,66
DXB0051,DEL,DXB,2024-04-17 01:25:00,Cancelled,103
DXB0052,DEL,DXB,2024-04-16 22:08:00,On Time,90
DXB0053,DEL,DXB,2024-04-17 07:25:00,Delayed,135
DXB0054,JFK,DXB,2024-04-16 20:27:00,Diverted,36
DXB0055,MUM,DXB,2024-04-17 00:28:00,On Time,54
DXB0056,LHR,DXB,2024-04-16 08:20:00,On Time,115
DXB0057,DEL,DXB,2024-04-16 13:02:00,Cancelled,125
DXB0058,CDG,DXB,2024-04-16 22:28:00,On Time,143
DXB0059,DEL,DXB,2024-04-16 09:23:00,On Time,79
DXB0060,CDG,DXB,2024-04-17 07:30:00,Diverted,163
DXB0061,CDG,DXB,2024-04-17 05:20:00,Delayed,255
DXB0062,DEL,DXB,2024-04-16 17:29:00,Diverted,36
DXB0063,JFK,DXB,2024-04-16 23:33:00,On Time,113
DXB0064,CDG,DXB,2024-04-17 03:45:00,Delayed,103
DXB0065,CDG,DXB,2024-04-17 03:46:00,Diverted,31
DXB0066,DEL,DXB,2024-04-17 00:48:00,Delayed,245
DXB0067,CDG,DXB,2024-04-16 21:12:00,On Time,104
DXB0068,CDG,DXB,2024-04-16 21:11:00,On Time,155
DXB0069,DEL,DXB,2024-04-17 05:34:00,On Time,159
DXB0070,DEL,DXB,2024-04-16 16:11:00,Diverted,95
DXB0071,LHR,DXB,2024-04-16 11:27:00,On Time,92
DXB0072,JFK,DXB,2024-04-17 02:03:00,On Time,20
DXB0073,JFK,DXB,2024-04-16 15:09:00,Delayed,305
DXB0074,CDG,DXB,2024-04-17 00:24:00,On Time,124
DXB0075,JFK,DXB,2024-04-17 06:12:00,On Time,28
DXB0076,CDG,DXB,2024-04-16 16:39:00,Delayed,143
DXB0077,LHR,DXB,2024-04-16 17:50:00,Diverted,157
DXB0078,DEL,DXB,2024-04-17 01:30:00,On Time,68
DXB0079,DEL,DXB,2024-04-16 11:18:00,On Time,41
DXB0080,DEL,DXB,2024-04-16 14:26:00,Delayed,266
DXB0081,JFK,DXB,2024-04-16 13:48:00,Delayed,210
DXB0082,LHR,DXB,2024-04-16 23:59:00,On Time,177
DXB0083,JFK,DXB,2024-04-16 19:32:00,On Time,74
DXB0084,JFK,DXB,2024-04-16 14:17:00,Diverted,20
DXB0085,LHR,DXB,2024-04-16 22:58:00,On Time,72
DXB0086,LHR,DXB,2024-04-16 23:15:00,On Time,63
DXB0087,LHR,DXB,2024-04-16 16:46:00,Diverted,165
DXB0088,LHR,DXB,2024-04-17 03:36:00,On Time,176
DXB0089,DEL,DXB,2024-04-16 20:13:00,On Time,40
DXB0090,MUM,DXB,2024-04-16 11:25:00,On Time,61
DXB0091,MUM,DXB,2024-04-16 15:34:00,Diverted,19
DXB0092,LHR,DXB,2024-04-17 05:36:00,On Time,34
DXB0093,MUM,DXB,2024-04-17 04:59:00,Cancelled,148
DXB0094,MUM,DXB,2024-04-16 16:40:00,Delayed,215
DXB0095,LHR,DXB,2024-04-17 00:56:00,On Time,160
DXB0096,MUM,DXB,2024-04-16 23:55:00,Diverted,146
DXB0097,JFK,DXB,2024-04-16 20:05:00,On Time,31
DXB0098,CDG,DXB,2024-04-17 00:53:00,On Time,28
DXB0099,CDG,DXB,2024-04-16 16:20:00,Diverted,27
DXB0100,LHR,DXB,2024-04-16 09:56:00,On Time,149
DXB0101,DEL,DXB,2024-04-16 14:25:00,Cancelled,142
DXB0102,LHR,DXB,2024-04-17 06:47:00,On Time,58
DXB0103,DEL,DXB,2024-04-16 17:43:00,Cancelled,133
DXB0104,CDG,DXB,2024-04-16 14:34:00,Diverted,157
DXB0105,LHR,DXB,2024-04-17 02:07:00,On Time,33
DXB0106,JFK,DXB,2024-04-16 20:00:00,On Time,77
DXB0107,MUM,DXB,2024-04-16 09:11:00,On Time,177
DXB0108,DEL,DXB,2024-04-16 12:33:00,Diverted,95
DXB0109,MUM,DXB,2024-04-17 06:23:00,Delayed,75
DXB0110,MUM,DXB,2024-04-16 13:37:00,Delayed,224
DXB0111,LHR,DXB,2024-04-17 07:09:00,Delayed,204
DXB0112,MUM,DXB,2024-04-16 18:06:00,Delayed,96
DXB0113,JFK,DXB,2024-04-16 10:45:00,On Time,177
DXB0114,MUM,DXB,2024-04-16 08:10:00,On Time,174
DXB0115,LHR,DXB,2024-04-17 06:04:00,On Time,136
DXB0116,JFK,DXB,2024-04-16 20:08:00,On Time,58
DXB0117,CDG,DXB,2024-04-16 21:20:00,Delayed,104
DXB0118,MUM,DXB,2024-04-16 09:41:00,On Time,166
DXB0119,LHR,DXB,2024-04-17 07:35:00,Delayed,265
DXB0120,CDG,DXB,2024-04-16 20:58:00,Delayed,121
DXB0121,CDG,DXB,2024-04-16 11:33:00,Cancelled,159
DXB0122,DEL,DXB,2024-04-17 02:31:00,Diverted,85
DXB0123,JFK,DXB,2024-04-16 14:40:00,Delayed,78
DXB0124,MUM,DXB,2024-04-16 17:47:00,Cancelled,64
DXB0125,LHR,DXB,2024-04-16 22:48:00,On Time,79
DXB0126,DEL,DXB,2024-04-17 01:49:00,On Time,113
DXB0127,JFK,DXB,2024-04-16 17:51:00,Delayed,359
DXB0128,DEL,DXB,2024-04-17 06:13:00,Delayed,66
DXB0129,JFK,DXB,2024-04-17 02:29:00,On Time,155
DXB0130,JFK,DXB,2024-04-16 09:31:00,On Time,72
DXB0131,MUM,DXB,2024-04-16 19:12:00,On Time,142
DXB0132,JFK,DXB,2024-04-16 19:53:00,On Time,156
DXB0133,DEL,DXB,2024-04-16 23:35:00,On Time,179
DXB0134,JFK,DXB,2024-04-16 12:01:00,Cancelled,126
DXB0135,MUM,DXB,2024-04-16 08:01:00,On Time,82
DXB0136,MUM,DXB,2024-04-16 11:44:00,On Time,54
DXB0137,DEL,DXB,2024-04-16 21:20:00,On Time,158
DXB0138,CDG,DXB,2024-04-16 17:48:00,Cancelled,146
DXB0139,CDG,DXB,2024-04-16 09:55:00,On Time,104
DXB0140,JFK,DXB,2024-04-16 23:17:00,On Time,42
DXB0141,LHR,DXB,2024-04-17 02:46:00,On Time,110
DXB0142,JFK,DXB,2024-04-16 11:13:00,On Time,45
DXB0143,DEL,DXB,2024-04-17 03:49:00,On Time,17
DXB0144,DEL,DXB,2024-04-16 22:30:00,On Time,150
DXB0145,DEL,DXB,2024-04-16 09:29:00,On Time,38
DXB0146,DEL,DXB,2024-04-16 10:01:00,On Time,29
DXB0147,DEL,DXB,2024-04-16 10:22:00,On Time,173
DXB0148,MUM,DXB,2024-04-17 00:33:00,Diverted,59
DXB0149,CDG,DXB,2024-04-16 09:45:00,On Time,22
DXB0150,DEL,DXB,2024-04-16 22:46:00,On Time,85
DXB0151,LHR,DXB,2024-04-16 15:07:00,Delayed,308
DXB0152,LHR,DXB,2024-04-17 06:08:00,On Time,129
DXB0153,LHR,DXB,2024-04-16 13:16:00,Cancelled,117
DXB0154,LHR,DXB,2024-04-16 18:34:00,Delayed,176
DXB0155,MUM,DXB,2024-04-16 08:08:00,Diverted,71
DXB0156,LHR,DXB,2024-04-16 20:53:00,On Time,44
DXB0157,DEL,DXB,2024-04-17 02:16:00,On Time,160
DXB0158,JFK,DXB,2024-04-17 07:02:00,On Time,128
DXB0159,LHR,DXB,2024-04-16 11:42:00,On Time,131
DXB0160,MUM,DXB,2024-04-17 07:59:00,On Time,74
DXB0161,MUM,DXB,2024-04-16 17:12:00,Cancelled,112
DXB0162,LHR,DXB,2024-04-17 07:13:00,Delayed,127
DXB0163,JFK,DXB,2024-04-16 19:55:00,On Time,165
DXB0164,LHR,DXB,2024-04-17 05:27:00,On Time,108
DXB0165,MUM,DXB,2024-04-17 06:21:00,Diverted,148
DXB0166,CDG,DXB,2024-04-17 02:27:00,On Time,136
DXB0167,DEL,DXB,2024-04-17 06:21:00,Diverted,122
DXB0168,MUM,DXB,2024-04-16 09:50:00,On Time,18
DXB0169,LHR,DXB,2024-04-16 12:10:00,Cancelled,107
DXB0170,DEL,DXB,2024-04-16 14:22:00,Cancelled,165
DXB0171,LHR,DXB,2024-04-16 08:06:00,Delayed,93
DXB0172,LHR,DXB,2024-04-16 15:38:00,Diverted,46
DXB0173,CDG,DXB,2024-04-17 02:27:00,On Time,120
DXB0174,DEL,DXB,2024-04-16 11:27:00,Diverted,160
DXB0175,DEL,DXB,2024-04-16 22:59:00,On Time,29
DXB0176,CDG,DXB,2024-04-17 07:33:00,On Time,136
DXB0177,MUM,DXB,2024-04-17 06:17:00,On Time,110
DXB0178,LHR,DXB,2024-04-16 08:21:00,On Time,20
DXB0179,JFK,DXB,2024-04-16 14:49:00,Delayed,253
DXB0180,LHR,DXB,2024-04-16 22:54:00,On Time,134
DXB0181,LHR,DXB,2024-04-16 16:34:00,Delayed,114
DXB0182,MUM,DXB,2024-04-17 03:10:00,Delayed,325
DXB0183,LHR,DXB,2024-04-16 21:28:00,Delayed,101
DXB0184,CDG,DXB,2024-04-16 22:33:00,On Time,153
DXB0185,CDG,DXB,2024-04-16 08:13:00,On Time,57
DXB0186,DEL,DXB,2024-04-17 00:10:00,On Time,159
DXB0187,JFK,DXB,2024-04-17 00:17:00,On Time,110
DXB0188,LHR,DXB,2024-04-17 00:53:00,On Time,146
DXB0189,LHR,DXB,2024-04-17 01:15:00,On Time,95
DXB0190,MUM,DXB,2024-04-16 09:26:00,On Time,55
DXB0191,CDG,DXB,2024-04-16 23:08:00,Diverted,147
DXB0192,JFK,DXB,2024-04-17 06:04:00,On Time,174
DXB0193,DEL,DXB,2024-04-17 05:06:00,On Time,49
DXB0194,CDG,DXB,2024-04-16 10:01:00,On Time,36
DXB0195,DEL,DXB,2024-04-17 03:30:00,On Time,164
DXB0196,MUM,DXB,2024-04-16 20:29:00,On Time,126
DXB0197,MUM,DXB,2024-04-17 06:59:00,On Time,25
DXB0198,LHR,DXB,2024-04-16 19:24:00,On Time,17
DXB0199,JFK,DXB,2024-04-16 13:08:00,Cancelled,151
DXB0200,DEL,DXB,2024-04-16 19:34:00,Diverted,74
DXB0201,CDG,DXB,2024-04-16 12:47:00,Cancelled,90
DXB0202,MUM,DXB,2024-04-16 13:06:00,Delayed,356
DXB0203,LHR,DXB,2024-04-16 23:13:00,On Time,28
DXB0204,LHR,DXB,2024-04-16 19:01:00,On Time,32
DXB0205,DEL,DXB,2024-04-16 17:08:00,Delayed,290
DXB0206,MUM,DXB,2024-04-17 06:55:00,On Time,87
DXB0207,JFK,DXB,2024-04-16 13:11:00,Diverted,37
DXB0208,MUM,DXB,2024-04-16 22:32:00,On Time,97
DXB0209,DEL,DXB,2024-04-17 02:02:00,On Time,139
DXB0210,DEL,DXB,2024-04-16 23:23:00,On Time,83
DXB0211,MUM,DXB,2024-04-16 20:34:00,Diverted,61
DXB0212,DEL,DXB,2024-04-16 08:34:00,Diverted,130
DXB0213,MUM,DXB,2024-04-16 15:24:00,Delayed,69
DXB0214,CDG,DXB,2024-04-16 09:32:00,On Time,39
DXB0215,MUM,DXB,2024-04-17 04:30:00,Cancelled,170
DXB0216,MUM,DXB,2024-04-16 13:52:00,Cancelled,126
DXB0217,DEL,DXB,2024-04-16 23:02:00,Delayed,187
DXB0218,DEL,DXB,2024-04-17 06:35:00,On Time,88
DXB0219,LHR,DXB,2024-04-16 22:21:00,Delayed,238
DXB0220,LHR,DXB,2024-04-16 10:38:00,On Time,108
DXB0221,CDG,DXB,2024-04-16 23:56:00,Cancelled,133
DXB0222,LHR,DXB,2024-04-16 08:23:00,Diverted,141
DXB0223,MUM,DXB,2024-04-16 14:43:00,Diverted,39
DXB0224,DEL,DXB,2024-04-16 21:24:00,On Time,92
DXB0225,LHR,DXB,2024-04-16 16:35:00,Diverted,113
DXB0226,LHR,DXB,2024-04-16 20:11:00,On Time,130
DXB0227,CDG,DXB,2024-04-17 07:07:00,Cancelled,62
DXB0228,CDG,DXB,2024-04-17 07:25:00,On Time,24
DXB0229,MUM,DXB,2024-04-16 16:51:00,Delayed,252
DXB0230,DEL,DXB,2024-04-16 23:55:00,On Time,25
DXB0231,CDG,DXB,2024-04-16 10:31:00,On Time,99
DXB0232,LHR,DXB,2024-04-16 23:46:00,Delayed,151
DXB0233,DEL,DXB,2024-04-16 18:07:00,Delayed,290
DXB0234,DEL,DXB,2024-04-16 14:59:00,Diverted,140
DXB0235,LHR,DXB,2024-04-17 05:13:00,On Time,78
DXB0236,CDG,DXB,2024-04-17 03:00:00,On Time,16
DXB0237,LHR,DXB,2024-04-16 22:25:00,Cancelled,90
DXB0238,DEL,DXB,2024-04-16 17:37:00,Diverted,135
DXB0239,JFK,DXB,2024-04-16 13:34:00,Cancelled,56
DXB0240,JFK,DXB,2024-04-16 23:31:00,Delayed,137
DXB0241,MUM,DXB,2024-04-16 12:54:00,Delayed,144
DXB0242,LHR,DXB,2024-04-16 20:34:00,On Time,30
DXB0243,LHR,DXB,2024-04-17 07:14:00,Diverted,32
DXB0244,MUM,DXB,2024-04-16 11:05:00,On Time,104
DXB0245,MUM,DXB,2024-04-17 05:09:00,On Time,158
DXB0246,MUM,DXB,2024-04-16 18:36:00,Cancelled,20
DXB0247,DEL,DXB,2024-04-17 05:31:00,On Time,122
DXB0248,LHR,DXB,2024-04-17 05:00:00,Delayed,89
DXB0249,DEL,DXB,2024-04-16 16:49:00,Cancelled,56
DXB0250,MUM,DXB,2024-04-16 08:20:00,On Time,90
DXB0251,LHR,DXB,2024-04-16 23:10:00,Cancelled,91
DXB0252,DEL,DXB,2024-04-16 22:26:00,On Time,146
DXB0253,DEL,DXB,2024-04-16 21:13:00,On Time,144
DXB0254,MUM,DXB,2024-04-16 09:39:00,On Time,73
DXB0255,LHR,DXB,2024-04-16 20:31:00,Diverted,169
DXB0256,MUM,DXB,2024-04-16 15:57:00,Cancelled,41
DXB0257,LHR,DXB,2024-04-17 06:01:00,On Time,93
DXB0258,JFK,DXB,2024-04-16 23:39:00,On Time,86
DXB0259,CDG,DXB,2024-04-16 16:45:00,Delayed,272
DXB0260,CDG,DXB,2024-04-16 13:33:00,Delayed,108
DXB0261,CDG,DXB,2024-04-16 08:01:00,On Time,133
DXB0262,MUM,DXB,2024-04-16 14:14:00,Delayed,324
DXB0263,JFK,DXB,2024-04-16 12:52:00,Delayed,204
DXB0264,LHR,DXB,2024-04-16 21:56:00,Delayed,128
DXB0265,DEL,DXB,2024-04-17 00:44:00,On Time,155
DXB0266,LHR,DXB,2024-04-16 17:12:00,Delayed,117
DXB0267,DEL,DXB,2024-04-16 13:17:00,Diverted,31
DXB0268,LHR,DXB,2024-04-16 14:20:00,Delayed,244
DXB0269,JFK,DXB,2024-04-16 08:13:00,Diverted,134
DXB0270,DEL,DXB,2024-04-16 16:23:00,Delayed,121
DXB0271,MUM,DXB,2024-04-16 11:50:00,Delayed,355
DXB0272,LHR,DXB,2024-04-17 02:27:00,On Time,83
DXB0273,LHR,DXB,2024-04-16 10:09:00,On Time,104
DXB0274,DEL,DXB,2024-04-16 21:57:00,Delayed,225
DXB0275,MUM,DXB,2024-04-17 03:28:00,Delayed,230
DXB0276,MUM,DXB,2024-04-16 22:50:00,Delayed,122
DXB0277,JFK,DXB,2024-04-16 08:27:00,On Time,107
DXB0278,MUM,DXB,2024-04-16 09:05:00,Delayed,206
DXB0279,MUM,DXB,2024-04-17 03:46:00,Delayed,220
DXB0280,MUM,DXB,2024-04-17 04:52:00,On Time,172
DXB0281,CDG,DXB,2024-04-16 12:20:00,Delayed,200
DXB0282,JFK,DXB,2024-04-16 15:39:00,Delayed,156
DXB0283,LHR,DXB,2024-04-16 13:00:00,Diverted,28
DXB0284,DEL,DXB,2024-04-16 23:18:00,On Time,85
DXB0285,LHR,DXB,2024-04-17 06:06:00,On Time,138
DXB0286,JFK,DXB,2024-04-16 12:46:00,Delayed,280
DXB0287,DEL,DXB,2024-04-17 07:38:00,On Time,51
DXB0288,JFK,DXB,2024-04-17 01:13:00,On Time,43
DXB0289,MUM,DXB,2024-04-16 18:29:00,Cancelled,157
DXB0290,DEL,DXB,2024-04-16 12:29:00,Diverted,33
DXB0291,MUM,DXB,2024-04-16 17:51:00,Cancelled,120
DXB0292,LHR,DXB,2024-04-16 22:03:00,Delayed,102
DXB0293,LHR,DXB,2024-04-16 22:21:00,Diverted,78
DXB0294,DEL,DXB,2024-04-17 07:04:00,On Time,179
DXB0295,DEL,DXB,2024-04-17 05:20:00,Diverted,41
DXB0296,JFK,DXB,2024-04-16 10:12:00,On Time,69
DXB0297,JFK,DXB,2024-04-17 05:39:00,On Time,43
DXB0298,MUM,DXB,2024-04-17 00:11:00,On Time,162
DXB0299,DEL,DXB,2024-04-16 16:32:00,Delayed,351
DXB0300,LHR,DXB,2024-04-16 13:12:00,Delayed,167
DXB0301,JFK,DXB,2024-04-16 17:35:00,Delayed,325
DXB0302,JFK,DXB,2024-04-16 22:45:00,On Time,178
DXB0303,LHR,DXB,2024-04-17 05:47:00,On Time,144
DXB0304,JFK,DXB,2024-04-17 03:04:00,On Time,164
DXB0305,MUM,DXB,2024-04-17 02:50:00,On Time,30
DXB0306,DEL,DXB,2024-04-16 19:26:00,On Time,160
DXB0307,LHR,DXB,2024-04-17 04:27:00,On Time,114
DXB0308,DEL,DXB,2024-04-16 10:44:00,Delayed,154
DXB0309,JFK,DXB,2024-04-16 13:04:00,Diverted,59
DXB0310,JFK,DXB,2024-04-16 10:35:00,On Time,33
DXB0311,LHR,DXB,2024-04-17 07:10:00,Diverted,48
DXB0312,MUM,DXB,2024-04-16 18:19:00,Cancelled,155
DXB0313,CDG,DXB,2024-04-17 05:14:00,On Time,76
DXB0314,LHR,DXB,2024-04-16 23:56:00,On Time,132
DXB0315,CDG,DXB,2024-04-16 13:33:00,Cancelled,114
DXB0316,CDG,DXB,2024-04-17 00:08:00,Diverted,36
DXB0317,MUM,DXB,2024-04-16 16:30:00,Cancelled,125
DXB0318,CDG,DXB,2024-04-17 05:56:00,On Time,178
DXB0319,CDG,DXB,2024-04-17 01:23:00,On Time,87
DXB0320,MUM,DXB,2024-04-16 12:41:00,Diverted,161
DXB0321,CDG,DXB,2024-04-16 21:16:00,Cancelled,52
DXB0322,CDG,DXB,2024-04-17 01:04:00,On Time,84
DXB0323,CDG,DXB,2024-04-16 09:58:00,On Time,130
DXB0324,LHR,DXB,2024-04-17 01:38:00,On Time,93
DXB0325,LHR,DXB,2024-04-16 11:17:00,On Time,162
DXB0326,LHR,DXB,2024-04-16 16:04:00,Diverted,23
DXB0327,MUM,DXB,2024-04-17 02:02:00,On Time,46
DXB0328,JFK,DXB,2024-04-16 21:56:00,On Time,146
DXB0329,CDG,DXB,2024-04-17 03:44:00,Delayed,321
DXB0330,CDG,DXB,2024-04-17 00:48:00,Delayed,130
DXB0331,MUM,DXB,2024-04-16 19:30:00,Delayed,278
DXB0332,CDG,DXB,2024-04-17 04:29:00,On Time,162
DXB0333,LHR,DXB,2024-04-17 01:15:00,On Time,101
DXB0334,JFK,DXB,2024-04-16 16:09:00,Cancelled,140
DXB0335,DEL,DXB,2024-04-16 12:35:00,Delayed,80
DXB0336,CDG,DXB,2024-04-16 19:32:00,On Time,179
DXB0337,LHR,DXB,2024-04-16 12:01:00,Delayed,151
DXB0338,DEL,DXB,2024-04-17 04:39:00,On Time,82
DXB0339,JFK,DXB,2024-04-17 05:14:00,On Time,58
DXB0340,DEL,DXB,2024-04-16 10:05:00,On Time,48
DXB0341,LHR,DXB,2024-04-16 11:36:00,On Time,91
DXB0342,DEL,DXB,2024-04-17 06:09:00,Delayed,186
DXB0343,MUM,DXB,2024-04-17 04:08:00,On Time,151
DXB0344,DEL,DXB,2024-04-17 01:42:00,On Time,120
DXB0345,CDG,DXB,2024-04-17 04:46:00,On Time,109
DXB0346,CDG,DXB,2024-04-17 04:07:00,On Time,149
DXB0347,MUM,DXB,2024-04-16 16:14:00,Cancelled,82
DXB0348,LHR,DXB,2024-04-16 15:06:00,Delayed,139
DXB0349,CDG,DXB,2024-04-17 04:01:00,On Time,173
DXB0350,JFK,DXB,2024-04-16 23:18:00,Delayed,297
DXB0351,CDG,DXB,2024-04-17 05:57:00,On Time,177
DXB0352,CDG,DXB,2024-04-16 10:30:00,On Time,99
DXB0353,LHR,DXB,2024-04-16 14:23:00,Delayed,241
DXB0354,DEL,DXB,2024-04-16 13:07:00,Delayed,84
DXB0355,CDG,DXB,2024-04-17 06:39:00,On Time,109
DXB0356,MUM,DXB,2024-04-16 20:25:00,On Time,46
DXB0357,DEL,DXB,2024-04-16 22:51:00,On Time,80
DXB0358,JFK,DXB,2024-04-16 14:14:00,Delayed,215
DXB0359,LHR,DXB,2024-04-17 01:11:00,On Time,152
DXB0360,JFK,DXB,2024-04-17 06:44:00,Delayed,64
DXB0361,DEL,DXB,2024-04-16 10:08:00,Cancelled,74
DXB0362,DEL,DXB,2024-04-17 00:54:00,On Time,31
DXB0363,DEL,DXB,2024-04-16 19:08:00,Diverted,110
DXB0364,JFK,DXB,2024-04-17 06:55:00,On Time,158
DXB0365,DEL,DXB,2024-04-17 07:01:00,Diverted,30
DXB0366,JFK,DXB,2024-04-16 16:36:00,Diverted,60
DXB0367,DEL,DXB,2024-04-16 09:25:00,On Time,173
DXB0368,MUM,DXB,2024-04-17 03:58:00,On Time,121
DXB0369,DEL,DXB,2024-04-17 04:16:00,On Time,102
DXB0370,JFK,DXB,2024-04-16 13:10:00,Delayed,179
DXB0371,CDG,DXB,2024-04-17 03:02:00,Delayed,336
DXB0372,DEL,DXB,2024-04-17 04:41:00,On Time,133
DXB0373,CDG,DXB,2024-04-16 15:06:00,Delayed,77
DXB0374,MUM,DXB,2024-04-17 07:57:00,Delayed,257
DXB0375,LHR,DXB,2024-04-16 09:53:00,On Time,85
DXB0376,MUM,DXB,2024-04-17 03:28:00,Diverted,168
DXB0377,DEL,DXB,2024-04-16 13:02:00,Delayed,116
DXB0378,CDG,DXB,2024-04-16 20:23:00,Diverted,64
DXB0379,CDG,DXB,2024-04-16 17:47:00,Delayed,152
DXB0380,JFK,DXB,2024-04-17 00:26:00,On Time,109
DXB0381,CDG,DXB,2024-04-16 13:44:00,Diverted,106
DXB0382,JFK,DXB,2024-04-16 21:33:00,Delayed,78
DXB0383,LHR,DXB,2024-04-16 21:20:00,On Time,61
DXB0384,DEL,DXB,2024-04-17 01:04:00,On Time,120
DXB0385,JFK,DXB,2024-04-17 03:30:00,On Time,144
DXB0386,LHR,DXB,2024-04-17 05:50:00,Diverted,120
DXB0387,CDG,DXB,2024-04-17 01:56:00,On Time,38
DXB0388,CDG,DXB,2024-04-17 06:07:00,On Time,18
DXB0389,LHR,DXB,2024-04-17 02:12:00,On Time,122
DXB0390,CDG,DXB,2024-04-16 14:00:00,Cancelled,33
DXB0391,LHR,DXB,2024-04-17 04:43:00,On Time,168
DXB0392,JFK,DXB,2024-04-17 00:49:00,On Time,54
DXB0393,JFK,DXB,2024-04-16 19:43:00,On Time,64
DXB0394,LHR,DXB,2024-04-16 17:34:00,Delayed,252
DXB0395,JFK,DXB,2024-04-17 03:44:00,On Time,26
DXB0396,JFK,DXB,2024-04-17 02:32:00,Delayed,296
DXB0397,JFK,DXB,2024-04-16 19:27:00,Cancelled,127
DXB0398,MUM,DXB,2024-04-16 21:00:00,On Time,63
DXB0399,DEL,DXB,2024-04-16 17:44:00,Delayed,336
DXB0400,CDG,DXB,2024-04-16 17:48:00,Delayed,286
DXB0401,MUM,DXB,2024-04-17 03:42:00,Cancelled,74
DXB0402,JFK,DXB,2024-04-16 16:08:00,Diverted,44
DXB0403,LHR,DXB,2024-04-17 00:10:00,On Time,98
DXB0404,JFK,DXB,2024-04-17 06:27:00,On Time,42
DXB0405,DEL,DXB,2024-04-17 07:24:00,On Time,39
DXB0406,JFK,DXB,2024-04-17 02:45:00,On Time,110
DXB0407,LHR,DXB,2024-04-16 16:13:00,Delayed,292
DXB0408,DEL,DXB,2024-04-16 08:18:00,Delayed,99
DXB0409,JFK,DXB,2024-04-16 14:36:00,Diverted,56
DXB0410,DEL,DXB,2024-04-17 00:40:00,On Time,54
DXB0411,CDG,DXB,2024-04-17 05:42:00,On Time,91
DXB0412,CDG,DXB,2024-04-16 22:10:00,Delayed,212
DXB0413,JFK,DXB,2024-04-17 07:08:00,On Time,132
DXB0414,DEL,DXB,2024-04-17 06:34:00,Cancelled,56
DXB0415,LHR,DXB,2024-04-17 06:47:00,On Time,61
DXB0416,JFK,DXB,2024-04-16 21:41:00,On Time,179
DXB0417,CDG,DXB,2024-04-16 15:34:00,Delayed,186
DXB0418,CDG,DXB,2024-04-16 20:04:00,On Time,121
DXB0419,JFK,DXB,2024-04-17 02:08:00,On Time,41
DXB0420,DEL,DXB,2024-04-17 02:19:00,On Time,55
DXB0421,CDG,DXB,2024-04-16 19:50:00,Delayed,296
DXB0422,DEL,DXB,2024-04-16 10:22:00,On Time,176
DXB0423,CDG,DXB,2024-04-16 23:16:00,On Time,174
DXB0424,CDG,DXB,2024-04-16 21:47:00,On Time,103
DXB0425,MUM,DXB,2024-04-16 18:04:00,Diverted,80
DXB0426,CDG,DXB,2024-04-16 13:04:00,Diverted,26
DXB0427,LHR,DXB,2024-04-16 20:15:00,On Time,87
DXB0428,JFK,DXB,2024-04-16 12:50:00,Delayed,114
DXB0429,JFK,DXB,2024-04-16 09:41:00,On Time,104
DXB0430,DEL,DXB,2024-04-17 05:30:00,On Time,24
DXB0431,CDG,DXB,2024-04-16 22:26:00,On Time,110
DXB0432,LHR,DXB,2024-04-17 00:07:00,On Time,34
DXB0433,DEL,DXB,2024-04-17 00:13:00,On Time,53
DXB0434,MUM,DXB,2024-04-16 22:01:00,Diverted,74
DXB0435,DEL,DXB,2024-04-17 00:01:00,On Time,80
DXB0436,DEL,DXB,2024-04-16 23:41:00,On Time,79
DXB0437,CDG,DXB,2024-04-17 01:06:00,On Time,138
DXB0438,MUM,DXB,2024-04-16 09:24:00,Delayed,231
DXB0439,DEL,DXB,2024-04-16 13:27:00,Delayed,168
DXB0440,LHR,DXB,2024-04-16 21:35:00,On Time,169
DXB0441,LHR,DXB,2024-04-16 15:33:00,Diverted,144
DXB0442,JFK,DXB,2024-04-16 18:28:00,Delayed,243
DXB0443,MUM,DXB,2024-04-17 04:44:00,On Time,71
DXB0444,MUM,DXB,2024-04-17 03:37:00,Delayed,257
DXB0445,JFK,DXB,2024-04-16 19:04:00,Delayed,146
DXB0446,DEL,DXB,2024-04-16 08:11:00,On Time,29
DXB0447,MUM,DXB,2024-04-17 03:16:00,On Time,26
DXB0448,LHR,DXB,2024-04-16 13:03:00,Delayed,260
DXB0449,LHR,DXB,2024-04-17 05:56:00,On Time,170
DXB0450,CDG,DXB,2024-04-17 00:14:00,Delayed,334
DXB0451,MUM,DXB,2024-04-17 06:03:00,On Time,139
DXB0452,DEL,DXB,2024-04-16 21:02:00,On Time,117
DXB0453,JFK,DXB,2024-04-16 08:42:00,On Time,38
DXB0454,JFK,DXB,2024-04-16 23:43:00,On Time,163
DXB0455,DEL,DXB,2024-04-16 13:42:00,Cancelled,152
DXB0456,CDG,DXB,2024-04-17 06:29:00,On Time,124
DXB0457,JFK,DXB,2024-04-16 16:17:00,Diverted,92
DXB0458,MUM,DXB,2024-04-16 14:03:00,Delayed,270
DXB0459,CDG,DXB,2024-04-16 22:50:00,On Time,160
DXB0460,MUM,DXB,2024-04-16 15:06:00,Cancelled,156
DXB0461,LHR,DXB,2024-04-17 00:44:00,Delayed,177
DXB0462,CDG,DXB,2024-04-16 08:20:00,Delayed,250
DXB0463,JFK,DXB,2024-04-16 14:46:00,Cancelled,72
DXB0464,CDG,DXB,2024-04-16 18:18:00,Cancelled,90
DXB0465,CDG,DXB,2024-04-17 00:54:00,On Time,164
DXB0466,CDG,DXB,2024-04-16 13:35:00,Delayed,101
DXB0467,CDG,DXB,2024-04-17 03:00:00,On Time,178
DXB0468,MUM,DXB,2024-04-17 03:07:00,On Time,36
DXB0469,LHR,DXB,2024-04-16 14:38:00,Delayed,101
DXB0470,DEL,DXB,2024-04-16 21:12:00,Delayed,335
DXB0471,CDG,DXB,2024-04-16 19:54:00,On Time,114
DXB0472,JFK,DXB,2024-04-16 08:50:00,On Time,110
DXB0473,CDG,DXB,2024-04-16 13:23:00,Diverted,175
DXB0474,JFK,DXB,2024-04-16 21:08:00,Diverted,178
DXB0475,MUM,DXB,2024-04-16 10:20:00,Delayed,76
DXB0476,JFK,DXB,2024-04-16 15:49:00,Diverted,32
DXB0477,DEL,DXB,2024-04-16 21:06:00,On Time,52
DXB0478,LHR,DXB,2024-04-17 06:37:00,Diverted,165
DXB0479,JFK,DXB,2024-04-17 00:03:00,On Time,123
DXB0480,JFK,DXB,2024-04-17 00:47:00,On Time,137
DXB0481,LHR,DXB,2024-04-16 14:12:00,Delayed,342
DXB0482,DEL,DXB,2024-04-16 16:13:00,Delayed,317
DXB0483,CDG,DXB,2024-04-16 20:30:00,On Time,118
DXB0484,JFK,DXB,2024-04-17 03:39:00,On Time,154
DXB0485,LHR,DXB,2024-04-16 12:50:00,Delayed,122
DXB0486,MUM,DXB,2024-04-17 03:27:00,On Time,95
DXB0487,LHR,DXB,2024-04-16 09:45:00,On Time,101
DXB0488,MUM,DXB,2024-04-16 19:09:00,Delayed,121
DXB0489,DEL,DXB,2024-04-16 08:01:00,On Time,75
DXB0490,CDG,DXB,2024-04-16 17:48:00,Cancelled,60
DXB0491,LHR,DXB,2024-04-16 18:43:00,Diverted,46
DXB0492,JFK,DXB,2024-04-16 09:29:00,On Time,29
DXB0493,DEL,DXB,2024-04-17 06:48:00,On Time,58
DXB0494,LHR,DXB,2024-04-16 13:49:00,Diverted,159
DXB0495,JFK,DXB,2024-04-17 05:26:00,On Time,68
DXB0496,LHR,DXB,2024-04-17 06:54:00,On Time,58
DXB0497,MUM,DXB,2024-04-17 02:51:00,Cancelled,112
DXB0498,LHR,DXB,2024-04-17 01:42:00,Delayed,159
DXB0499,LHR,DXB,2024-04-16 23:08:00,On Time,123
DXB0500,LHR,DXB,2024-04-16 10:38:00,On Time,41
DXB0501,DEL,DXB,2024-04-16 23:58:00,On Time,130
DXB0502,LHR,DXB,2024-04-16 13:11:00,Cancelled,101
DXB0503,JFK,DXB,2024-04-17 05:04:00,On Time,118
DXB0504,MUM,DXB,2024-04-16 15:24:00,Delayed,78
DXB0505,MUM,DXB,2024-04-16 12:57:00,Diverted,93
DXB0506,LHR,DXB,2024-04-16 23:51:00,On Time,57
DXB0507,DEL,DXB,2024-04-16 08:35:00,On Time,111
DXB0508,DEL,DXB,2024-04-17 02:27:00,On Time,45
DXB0509,JFK,DXB,2024-04-17 07:28:00,On Time,113
DXB0510,LHR,DXB,2024-04-17 03:55:00,On Time,31
DXB0511,MUM,DXB,2024-04-17 07:19:00,On Time,97
DXB0512,DEL,DXB,2024-04-17 07:05:00,Delayed,76
DXB0513,LHR,DXB,2024-04-16 17:18:00,Diverted,46
DXB0514,DEL,DXB,2024-04-16 22:50:00,On Time,155
DXB0515,DEL,DXB,2024-04-16 10:20:00,On Time,49
DXB0516,MUM,DXB,2024-04-16 22:46:00,On Time,147
DXB0517,CDG,DXB,2024-04-17 03:01:00,On Time,43
DXB0518,JFK,DXB,2024-04-17 05:40:00,On Time,84
DXB0519,JFK,DXB,2024-04-16 20:05:00,On Time,167
DXB0520,MUM,DXB,2024-04-17 04:43:00,On Time,109
DXB0521,DEL,DXB,2024-04-17 01:29:00,Delayed,305
DXB0522,LHR,DXB,2024-04-16 16:40:00,Diverted,83
DXB0523,DEL,DXB,2024-04-16 08:09:00,Delayed,310
DXB0524,MUM,DXB,2024-04-17 00:23:00,Cancelled,86
DXB0525,JFK,DXB,2024-04-16 14:17:00,Cancelled,143
DXB0526,DEL,DXB,2024-04-16 19:21:00,Diverted,101
DXB0527,JFK,DXB,2024-04-16 17:43:00,Diverted,110
DXB0528,LHR,DXB,2024-04-16 10:31:00,Diverted,89
DXB0529,JFK,DXB,2024-04-16 19:59:00,Diverted,68
DXB0530,JFK,DXB,2024-04-17 01:52:00,Delayed,140
DXB0531,CDG,DXB,2024-04-17 03:37:00,Diverted,171
DXB0532,CDG,DXB,2024-04-16 22:18:00,On Time,68
DXB0533,CDG,DXB,2024-04-17 05:56:00,On Time,30
DXB0534,JFK,DXB,2024-04-16 08:49:00,On Time,113
DXB0535,MUM,DXB,2024-04-16 19:03:00,On Time,34
DXB0536,JFK,DXB,2024-04-16 16:50:00,Cancelled,60
DXB0537,MUM,DXB,2024-04-17 02:03:00,On Time,141
DXB0538,MUM,DXB,2024-04-17 03:50:00,Diverted,72
DXB0539,CDG,DXB,2024-04-17 04:25:00,On Time,125
DXB0540,DEL,DXB,2024-04-16 22:16:00,Delayed,98
DXB0541,LHR,DXB,2024-04-16 10:25:00,Diverted,95
DXB0542,CDG,DXB,2024-04-16 23:14:00,Diverted,171
DXB0543,CDG,DXB,2024-04-17 00:32:00,Diverted,98
DXB0544,DEL,DXB,2024-04-16 12:01:00,Delayed,95
DXB0545,LHR,DXB,2024-04-16 17:40:00,Diverted,22
DXB0546,JFK,DXB,2024-04-16 19:26:00,Delayed,256
DXB0547,JFK,DXB,2024-04-16 16:02:00,Delayed,217
DXB0548,CDG,DXB,2024-04-17 02:51:00,On Time,175
DXB0549,LHR,DXB,2024-04-17 04:49:00,Delayed,263
DXB0550,CDG,DXB,2024-04-16 19:12:00,On Time,177
DXB0551,MUM,DXB,2024-04-16 18:30:00,Cancelled,122
DXB0552,CDG,DXB,2024-04-16 19:00:00,On Time,123
DXB0553,CDG,DXB,2024-04-16 19:01:00,On Time,34
DXB0554,JFK,DXB,2024-04-16 21:24:00,On Time,87
DXB0555,JFK,DXB,2024-04-16 14:58:00,Delayed,255
DXB0556,JFK,DXB,2024-04-17 00:27:00,On Time,33
DXB0557,MUM,DXB,2024-04-17 03:43:00,On Time,116
DXB0558,JFK,DXB,2024-04-16 18:49:00,Delayed,275
DXB0559,LHR,DXB,2024-04-17 00:08:00,On Time,155
DXB0560,DEL,DXB,2024-04-16 17:49:00,Diverted,100
DXB0561,LHR,DXB,2024-04-17 02:20:00,On Time,66
DXB0562,LHR,DXB,2024-04-16 16:28:00,Delayed,344
DXB0563,JFK,DXB,2024-04-16 15:20:00,Cancelled,123
DXB0564,DEL,DXB,2024-04-17 05:17:00,On Time,100
DXB0565,DEL,DXB,2024-04-16 23:20:00,Delayed,255
DXB0566,DEL,DXB,2024-04-16 20:49:00,Delayed,211
DXB0567,MUM,DXB,2024-04-17 06:23:00,On Time,104
DXB0568,JFK,DXB,2024-04-16 12:22:00,Cancelled,129
DXB0569,DEL,DXB,2024-04-17 07:17:00,On Time,40
DXB0570,MUM,DXB,2024-04-16 18:36:00,Cancelled,165
DXB0571,CDG,DXB,2024-04-17 03:50:00,On Time,57
DXB0572,CDG,DXB,2024-04-16 15:38:00,Delayed,73
DXB0573,MUM,DXB,2024-04-17 00:38:00,On Time,170
DXB0574,MUM,DXB,2024-04-17 05:43:00,On Time,151
DXB0575,JFK,DXB,2024-04-16 19:39:00,Diverted,34
DXB0576,JFK,DXB,2024-04-16 13:01:00,Diverted,53
DXB0577,CDG,DXB,2024-04-17 04:41:00,On Time,26
DXB0578,DEL,DXB,2024-04-17 02:45:00,Delayed,205
DXB0579,CDG,DXB,2024-04-16 17:13:00,Delayed,116
DXB0580,DEL,DXB,2024-04-16 12:47:00,Cancelled,56
DXB0581,DEL,DXB,2024-04-17 03:50:00,Delayed,270
DXB0582,JFK,DXB,2024-04-16 18:20:00,Diverted,25
DXB0583,LHR,DXB,2024-04-17 00:45:00,Diverted,52
DXB0584,LHR,DXB,2024-04-16 08:35:00,On Time,112
DXB0585,MUM,DXB,2024-04-16 20:23:00,On Time,33
DXB0586,JFK,DXB,2024-04-16 13:52:00,Delayed,327
DXB0587,DEL,DXB,2024-04-16 09:12:00,On Time,130
DXB0588,LHR,DXB,2024-04-16 18:47:00,Diverted,127
DXB0589,DEL,DXB,2024-04-17 06:56:00,On Time,79
DXB0590,LHR,DXB,2024-04-17 02:13:00,On Time,113
DXB0591,LHR,DXB,2024-04-16 15:04:00,Cancelled,86
DXB0592,LHR,DXB,2024-04-17 00:38:00,On Time,66
DXB0593,JFK,DXB,2024-04-16 19:47:00,Diverted,132
DXB0594,CDG,DXB,2024-04-16 17:20:00,Diverted,134
DXB0595,DEL,DXB,2024-04-16 21:47:00,On Time,21
DXB0596,JFK,DXB,2024-04-16 23:55:00,On Time,25
DXB0597,JFK,DXB,2024-04-16 16:36:00,Diverted,117
DXB0598,JFK,DXB,2024-04-16 15:07:00,Cancelled,75
DXB0599,JFK,DXB,2024-04-16 10:39:00,On Time,82
DXB0600,JFK,DXB,2024-04-16 10:28:00,Cancelled,167
DXB0601,MUM,DXB,2024-04-16 20:55:00,On Time,154
DXB0602,DEL,DXB,2024-04-17 04:53:00,Diverted,168
DXB0603,JFK,DXB,2024-04-16 09:06:00,On Time,116
DXB0604,DEL,DXB,2024-04-17 00:53:00,On Time,124
DXB0605,MUM,DXB,2024-04-16 14:20:00,Delayed,269
DXB0606,MUM,DXB,2024-04-16 08:57:00,On Time,65
DXB0607,DEL,DXB,2024-04-17 05:22:00,Delayed,76
DXB0608,LHR,DXB,2024-04-16 13:41:00,Cancelled,179
DXB0609,CDG,DXB,2024-04-17 03:13:00,On Time,60
DXB0610,LHR,DXB,2024-04-16 20:06:00,Cancelled,67
DXB0611,LHR,DXB,2024-04-17 03:55:00,Diverted,102
DXB0612,LHR,DXB,2024-04-16 20:49:00,Cancelled,135
DXB0613,JFK,DXB,2024-04-16 18:13:00,Cancelled,27
DXB0614,MUM,DXB,2024-04-17 04:32:00,Delayed,345
DXB0615,LHR,DXB,2024-04-16 13:53:00,Cancelled,139
DXB0616,MUM,DXB,2024-04-16 09:55:00,On Time,132
DXB0617,DEL,DXB,2024-04-17 05:27:00,On Time,68
DXB0618,CDG,DXB,2024-04-16 19:01:00,On Time,130
DXB0619,DEL,DXB,2024-04-16 15:32:00,Delayed,262
DXB0620,DEL,DXB,2024-04-16 12:46:00,Cancelled,18
DXB0621,JFK,DXB,2024-04-17 06:06:00,Cancelled,89
DXB0622,CDG,DXB,2024-04-17 00:56:00,On Time,63
DXB0623,DEL,DXB,2024-04-16 13:10:00,Delayed,158
DXB0624,DEL,DXB,2024-04-16 11:27:00,On Time,124
DXB0625,CDG,DXB,2024-04-16 18:17:00,Diverted,136
DXB0626,CDG,DXB,2024-04-16 15:25:00,Cancelled,25
DXB0627,DEL,DXB,2024-04-16 19:09:00,On Time,106
DXB0628,CDG,DXB,2024-04-16 18:32:00,Delayed,338
DXB0629,DEL,DXB,2024-04-16 08:54:00,Delayed,268
DXB0630,DEL,DXB,2024-04-16 23:11:00,On Time,125
DXB0631,JFK,DXB,2024-04-17 01:15:00,On Time,71
DXB0632,LHR,DXB,2024-04-16 18:56:00,Delayed,188
DXB0633,DEL,DXB,2024-04-17 07:43:00,On Time,167
DXB0634,MUM,DXB,2024-04-17 00:19:00,On Time,68
DXB0635,LHR,DXB,2024-04-16 16:34:00,Cancelled,43
DXB0636,LHR,DXB,2024-04-16 11:56:00,On Time,111
DXB0637,LHR,DXB,2024-04-17 05:42:00,On Time,178
DXB0638,JFK,DXB,2024-04-16 13:47:00,Delayed,347
DXB0639,DEL,DXB,2024-04-16 18:26:00,Diverted,92
DXB0640,JFK,DXB,2024-04-17 02:47:00,On Time,49
DXB0641,DEL,DXB,2024-04-16 18:29:00,Delayed,311
DXB0642,JFK,DXB,2024-04-17 05:11:00,On Time,106
DXB0643,JFK,DXB,2024-04-16 14:03:00,Delayed,324
DXB0644,MUM,DXB,2024-04-16 13:20:00,Delayed,330
DXB0645,JFK,DXB,2024-04-16 12:45:00,Delayed,247
DXB0646,CDG,DXB,2024-04-16 10:28:00,Diverted,93
DXB0647,MUM,DXB,2024-04-17 02:27:00,On Time,124
DXB0648,JFK,DXB,2024-04-16 14:45:00,Cancelled,116
DXB0649,LHR,DXB,2024-04-17 00:17:00,On Time,120
DXB0650,CDG,DXB,2024-04-16 15:35:00,Delayed,273
DXB0651,CDG,DXB,2024-04-16 21:19:00,On Time,78
DXB0652,CDG,DXB,2024-04-17 03:44:00,Delayed,342
DXB0653,MUM,DXB,2024-04-17 00:52:00,Diverted,101
DXB0654,JFK,DXB,2024-04-16 21:03:00,On Time,21
DXB0655,JFK,DXB,2024-04-16 15:39:00,Delayed,270
DXB0656,LHR,DXB,2024-04-16 20:17:00,Delayed,135
DXB0657,LHR,DXB,2024-04-16 16:28:00,Delayed,207
DXB0658,CDG,DXB,2024-04-16 16:00:00,Cancelled,152
DXB0659,LHR,DXB,2024-04-16 09:53:00,On Time,149
DXB0660,MUM,DXB,2024-04-16 20:28:00,On Time,139
DXB0661,JFK,DXB,2024-04-16 14:00:00,Delayed,272
DXB0662,CDG,DXB,2024-04-16 13:40:00,Delayed,168
DXB0663,LHR,DXB,2024-04-16 20:49:00,On Time,175
DXB0664,MUM,DXB,2024-04-16 20:40:00,On Time,15
DXB0665,MUM,DXB,2024-04-17 00:08:00,Diverted,176
DXB0666,LHR,DXB,2024-04-16 15:28:00,Delayed,188
DXB0667,JFK,DXB,2024-04-16 21:54:00,Diverted,159
DXB0668,LHR,DXB,2024-04-17 04:03:00,Delayed,69
DXB0669,CDG,DXB,2024-04-17 07:50:00,On Time,18
DXB0670,LHR,DXB,2024-04-17 04:19:00,On Time,15
DXB0671,MUM,DXB,2024-04-16 13:10:00,Delayed,106
DXB0672,LHR,DXB,2024-04-16 12:21:00,Diverted,49
DXB0673,JFK,DXB,2024-04-16 14:45:00,Diverted,22
DXB0674,DEL,DXB,2024-04-16 10:22:00,Delayed,155
DXB0675,LHR,DXB,2024-04-16 13:41:00,Cancelled,50
DXB0676,JFK,DXB,2024-04-17 06:19:00,Delayed,162
DXB0677,JFK,DXB,2024-04-17 02:44:00,On Time,57
DXB0678,MUM,DXB,2024-04-16 12:03:00,Diverted,41
DXB0679,JFK,DXB,2024-04-16 16:09:00,Delayed,205
DXB0680,JFK,DXB,2024-04-16 08:11:00,On Time,92
DXB0681,JFK,DXB,2024-04-17 05:02:00,On Time,135
DXB0682,JFK,DXB,2024-04-16 17:20:00,Cancelled,160
DXB0683,CDG,DXB,2024-04-16 08:41:00,Delayed,86
DXB0684,CDG,DXB,2024-04-16 19:17:00,Delayed,279
DXB0685,MUM,DXB,2024-04-16 17:53:00,Delayed,77
DXB0686,LHR,DXB,2024-04-17 03:41:00,On Time,113
DXB0687,JFK,DXB,2024-04-17 04:39:00,On Time,61
DXB0688,LHR,DXB,2024-04-16 10:13:00,On Time,45
DXB0689,LHR,DXB,2024-04-17 02:10:00,Diverted,18
DXB0690,MUM,DXB,2024-04-17 01:10:00,Delayed,226
DXB0691,JFK,DXB,2024-04-16 23:47:00,On Time,31
DXB0692,JFK,DXB,2024-04-16 09:12:00,Delayed,141
DXB0693,DEL,DXB,2024-04-16 14:38:00,Delayed,131
DXB0694,LHR,DXB,2024-04-17 07:48:00,Diverted,53
DXB0695,LHR,DXB,2024-04-16 17:37:00,Delayed,313
DXB0696,CDG,DXB,2024-04-16 22:18:00,Delayed,221
DXB0697,DEL,DXB,2024-04-16 10:09:00,Cancelled,172
DXB0698,CDG,DXB,2024-04-16 23:30:00,On Time,36
DXB0699,CDG,DXB,2024-04-17 04:29:00,Delayed,97
DXB0700,CDG,DXB,2024-04-16 12:25:00,Diverted,122
DXB0701,MUM,DXB,2024-04-16 21:12:00,On Time,26
DXB0702,MUM,DXB,2024-04-16 12:12:00,Delayed,260
DXB0703,CDG,DXB,2024-04-16 21:41:00,Diverted,32
DXB0704,DEL,DXB,2024-04-17 05:52:00,Cancelled,104
DXB0705,LHR,DXB,2024-04-16 10:43:00,Delayed,259
DXB0706,DEL,DXB,2024-04-16 09:34:00,Delayed,314
DXB0707,JFK,DXB,2024-04-16 21:52:00,On Time,104
DXB0708,MUM,DXB,2024-04-17 02:53:00,Diverted,101
DXB0709,LHR,DXB,2024-04-16 13:35:00,Cancelled,104
DXB0710,LHR,DXB,2024-04-16 21:41:00,On Time,148
DXB0711,JFK,DXB,2024-04-16 11:57:00,On Time,84
DXB0712,JFK,DXB,2024-04-16 14:20:00,Delayed,238
DXB0713,CDG,DXB,2024-04-16 22:58:00,Delayed,94
DXB0714,MUM,DXB,2024-04-16 16:02:00,Cancelled,100
DXB0715,MUM,DXB,2024-04-16 23:01:00,On Time,33
DXB0716,DEL,DXB,2024-04-17 01:28:00,Delayed,141
DXB0717,CDG,DXB,2024-04-17 03:00:00,On Time,160
DXB0718,CDG,DXB,2024-04-16 16:01:00,Delayed,279
DXB0719,CDG,DXB,2024-04-17 07:35:00,Diverted,115
DXB0720,CDG,DXB,2024-04-16 23:16:00,On Time,44
DXB0721,MUM,DXB,2024-04-17 00:33:00,On Time,47
DXB0722,MUM,DXB,2024-04-17 00:03:00,Delayed,217
DXB0723,CDG,DXB,2024-04-16 16:56:00,Delayed,63
DXB0724,DEL,DXB,2024-04-17 02:22:00,On Time,108
DXB0725,LHR,DXB,2024-04-17 03:56:00,Diverted,169
DXB0726,LHR,DXB,2024-04-17 01:15:00,On Time,151
DXB0727,DEL,DXB,2024-04-16 10:07:00,On Time,163
DXB0728,CDG,DXB,2024-04-16 09:31:00,Delayed,226
DXB0729,MUM,DXB,2024-04-16 17:02:00,Cancelled,43
DXB0730,LHR,DXB,2024-04-16 22:05:00,On Time,175
DXB0731,JFK,DXB,2024-04-17 00:28:00,Delayed,263
DXB0732,JFK,DXB,2024-04-16 15:26:00,Delayed,253
DXB0733,DEL,DXB,2024-04-16 14:29:00,Delayed,294
DXB0734,CDG,DXB,2024-04-16 19:11:00,On Time,131
DXB0735,LHR,DXB,2024-04-16 08:42:00,Cancelled,32
DXB0736,CDG,DXB,2024-04-16 12:13:00,Diverted,17
DXB0737,LHR,DXB,2024-04-17 03:13:00,On Time,149
DXB0738,DEL,DXB,2024-04-17 02:03:00,On Time,179
DXB0739,DEL,DXB,2024-04-16 19:02:00,Cancelled,175
DXB0740,JFK,DXB,2024-04-16 15:46:00,Cancelled,122
DXB0741,CDG,DXB,2024-04-16 12:46:00,Delayed,265
DXB0742,JFK,DXB,2024-04-17 00:50:00,On Time,136
DXB0743,CDG,DXB,2024-04-16 20:57:00,On Time,25
DXB0744,JFK,DXB,2024-04-16 13:44:00,Cancelled,82
DXB0745,MUM,DXB,2024-04-16 18:41:00,Delayed,209
DXB0746,MUM,DXB,2024-04-16 14:21:00,Diverted,127
DXB0747,MUM,DXB,2024-04-16 19:29:00,On Time,112
DXB0748,MUM,DXB,2024-04-17 05:16:00,On Time,107
DXB0749,LHR,DXB,2024-04-17 01:59:00,On Time,36
DXB0750,MUM,DXB,2024-04-16 15:36:00,Delayed,218
DXB0751,DEL,DXB,2024-04-17 00:22:00,On Time,148
DXB0752,DEL,DXB,2024-04-16 09:22:00,On Time,39
DXB0753,LHR,DXB,2024-04-17 02:42:00,On Time,99
DXB0754,MUM,DXB,2024-04-16 10:28:00,On Time,69
DXB0755,MUM,DXB,2024-04-17 06:32:00,On Time,158
DXB0756,MUM,DXB,2024-04-17 03:39:00,Delayed,338
DXB0757,JFK,DXB,2024-04-16 11:09:00,On Time,156
DXB0758,CDG,DXB,2024-04-16 22:42:00,On Time,170
DXB0759,JFK,DXB,2024-04-16 12:22:00,Delayed,225
DXB0760,CDG,DXB,2024-04-17 02:23:00,On Time,23
DXB0761,MUM,DXB,2024-04-16 14:39:00,Delayed,127
DXB0762,MUM,DXB,2024-04-16 20:43:00,On Time,174
DXB0763,JFK,DXB,2024-04-16 18:08:00,Delayed,147
DXB0764,JFK,DXB,2024-04-17 05:23:00,On Time,67
DXB0765,CDG,DXB,2024-04-16 21:04:00,On Time,88
DXB0766,DEL,DXB,2024-04-16 09:40:00,Diverted,53
DXB0767,CDG,DXB,2024-04-17 07:02:00,On Time,136
DXB0768,JFK,DXB,2024-04-17 07:23:00,On Time,29
DXB0769,JFK,DXB,2024-04-16 21:39:00,On Time,171
DXB0770,LHR,DXB,2024-04-17 04:44:00,On Time,137
DXB0771,JFK,DXB,2024-04-16 21:39:00,On Time,125
DXB0772,LHR,DXB,2024-04-16 14:59:00,Delayed,276
DXB0773,DEL,DXB,2024-04-16 10:03:00,On Time,97
DXB0774,CDG,DXB,2024-04-16 15:01:00,Delayed,60
DXB0775,CDG,DXB,2024-04-17 04:54:00,On Time,106
DXB0776,LHR,DXB,2024-04-17 02:06:00,On Time,43
DXB0777,CDG,DXB,2024-04-16 20:47:00,Diverted,49
DXB0778,JFK,DXB,2024-04-16 16:02:00,Delayed,194
DXB0779,MUM,DXB,2024-04-16 16:38:00,Diverted,154
DXB0780,LHR,DXB,2024-04-16 10:34:00,On Time,125
DXB0781,CDG,DXB,2024-04-16 09:31:00,Diverted,52
DXB0782,LHR,DXB,2024-04-17 00:21:00,On Time,91
DXB0783,LHR,DXB,2024-04-16 15:34:00,Delayed,244
DXB0784,MUM,DXB,2024-04-16 17:57:00,Delayed,199
DXB0785,JFK,DXB,2024-04-16 16:29:00,Delayed,165
DXB0786,LHR,DXB,2024-04-17 04:06:00,On Time,150
DXB0787,CDG,DXB,2024-04-16 14:25:00,Delayed,192
DXB0788,DEL,DXB,2024-04-16 14:44:00,Cancelled,136
DXB0789,LHR,DXB,2024-04-16 12:05:00,Diverted,98
DXB0790,LHR,DXB,2024-04-16 20:21:00,On Time,146
DXB0791,MUM,DXB,2024-04-16 19:00:00,On Time,99
DXB0792,JFK,DXB,2024-04-16 18:49:00,Delayed,167
DXB0793,DEL,DXB,2024-04-16 23:00:00,On Time,150
DXB0794,CDG,DXB,2024-04-16 09:04:00,On Time,101
DXB0795,DEL,DXB,2024-04-17 01:16:00,Diverted,30
DXB0796,CDG,DXB,2024-04-16 11:32:00,On Time,91
DXB0797,JFK,DXB,2024-04-16 12:01:00,Cancelled,23
DXB0798,CDG,DXB,2024-04-16 16:12:00,Delayed,237
DXB0799,MUM,DXB,2024-04-17 04:36:00,Diverted,92
DXB0800,MUM,DXB,2024-04-16 13:37:00,Delayed,357
DXB0801,MUM,DXB,2024-04-16 10:52:00,On Time,85
DXB0802,MUM,DXB,2024-04-16 19:11:00,On Time,29
DXB0803,DEL,DXB,2024-04-16 10:43:00,On Time,85
DXB0804,JFK,DXB,2024-04-16 15:44:00,Delayed,205
DXB0805,CDG,DXB,2024-04-17 00:34:00,On Time,36
DXB0806,CDG,DXB,2024-04-16 16:16:00,Diverted,166
DXB0807,MUM,DXB,2024-04-16 19:39:00,Diverted,127
DXB0808,MUM,DXB,2024-04-16 14:34:00,Delayed,133
DXB0809,LHR,DXB,2024-04-16 19:42:00,On Time,24
DXB0810,JFK,DXB,2024-04-16 13:07:00,Delayed,167
DXB0811,DEL,DXB,2024-04-16 11:02:00,On Time,127
DXB0812,CDG,DXB,2024-04-16 18:28:00,Delayed,181
DXB0813,LHR,DXB,2024-04-16 16:29:00,Delayed,76
DXB0814,LHR,DXB,2024-04-16 17:05:00,Diverted,103
DXB0815,CDG,DXB,2024-04-16 18:23:00,Cancelled,168
DXB0816,DEL,DXB,2024-04-16 17:53:00,Diverted,126
DXB0817,LHR,DXB,2024-04-16 20:23:00,On Time,92
DXB0818,LHR,DXB,2024-04-17 04:50:00,On Time,178
DXB0819,JFK,DXB,2024-04-16 17:13:00,Diverted,135
DXB0820,DEL,DXB,2024-04-16 08:20:00,Delayed,255
DXB0821,LHR,DXB,2024-04-16 17:13:00,Cancelled,148
DXB0822,DEL,DXB,2024-04-16 14:36:00,Delayed,356
DXB0823,CDG,DXB,2024-04-16 18:24:00,Delayed,311
DXB0824,MUM,DXB,2024-04-16 09:44:00,Delayed,178
DXB0825,LHR,DXB,2024-04-16 11:11:00,On Time,57
DXB0826,JFK,DXB,2024-04-16 08:16:00,On Time,92
DXB0827,CDG,DXB,2024-04-17 03:03:00,On Time,42
DXB0828,DEL,DXB,2024-04-16 14:32:00,Delayed,221
DXB0829,CDG,DXB,2024-04-16 15:04:00,Delayed,257
DXB0830,LHR,DXB,2024-04-16 10:08:00,On Time,77
DXB0831,DEL,DXB,2024-04-17 03:13:00,Diverted,106
DXB0832,MUM,DXB,2024-04-16 17:31:00,Cancelled,70
DXB0833,CDG,DXB,2024-04-16 08:28:00,Delayed,104
DXB0834,LHR,DXB,2024-04-17 02:40:00,On Time,174
DXB0835,JFK,DXB,2024-04-17 01:13:00,On Time,125
DXB0836,DEL,DXB,2024-04-16 12:01:00,Diverted,151
DXB0837,CDG,DXB,2024-04-16 11:51:00,On Time,82
DXB0838,CDG,DXB,2024-04-16 21:08:00,On Time,60
DXB0839,MUM,DXB,2024-04-17 05:47:00,On Time,81
DXB0840,MUM,DXB,2024-04-16 19:54:00,On Time,168
DXB0841,JFK,DXB,2024-04-16 20:38:00,Delayed,238
DXB0842,JFK,DXB,2024-04-16 21:21:00,Diverted,20
DXB0843,LHR,DXB,2024-04-16 20:55:00,On Time,38
DXB0844,LHR,DXB,2024-04-16 20:05:00,On Time,108
DXB0845,JFK,DXB,2024-04-16 11:19:00,On Time,27
DXB0846,JFK,DXB,2024-04-16 23:44:00,Delayed,103
DXB0847,DEL,DXB,2024-04-16 09:18:00,On Time,162
DXB0848,MUM,DXB,2024-04-16 23:55:00,On Time,132
DXB0849,LHR,DXB,2024-04-16 22:15:00,On Time,96
DXB0850,MUM,DXB,2024-04-17 03:56:00,On Time,125
DXB0851,MUM,DXB,2024-04-16 15:46:00,Cancelled,96
DXB0852,JFK,DXB,2024-04-16 17:40:00,Delayed,330
DXB0853,DEL,DXB,2024-04-17 07:59:00,On Time,59
DXB0854,CDG,DXB,2024-04-16 23:39:00,On Time,128
DXB0855,DEL,DXB,2024-04-16 15:28:00,Cancelled,77
DXB0856,DEL,DXB,2024-04-16 09:26:00,Delayed,137
DXB0857,MUM,DXB,2024-04-16 09:40:00,On Time,128
DXB0858,DEL,DXB,2024-04-17 01:11:00,On Time,125
DXB0859,LHR,DXB,2024-04-16 22:04:00,On Time,161
DXB0860,MUM,DXB,2024-04-17 04:23:00,On Time,49
DXB0861,LHR,DXB,2024-04-16 09:26:00,On Time,67
DXB0862,CDG,DXB,2024-04-16 08:42:00,On Time,40
DXB0863,MUM,DXB,2024-04-17 07:28:00,On Time,28
DXB0864,CDG,DXB,2024-04-16 14:47:00,Delayed,237
DXB0865,MUM,DXB,2024-04-16 19:03:00,On Time,59
DXB0866,JFK,DXB,2024-04-17 01:20:00,On Time,65
DXB0867,DEL,DXB,2024-04-16 10:27:00,On Time,133
DXB0868,JFK,DXB,2024-04-16 12:36:00,Diverted,165
DXB0869,CDG,DXB,2024-04-16 11:51:00,Delayed,62
DXB0870,DEL,DXB,2024-04-16 14:05:00,Delayed,273
DXB0871,MUM,DXB,2024-04-17 04:51:00,Delayed,133
DXB0872,DEL,DXB,2024-04-16 15:15:00,Diverted,106
DXB0873,LHR,DXB,2024-04-16 14:38:00,Delayed,110
DXB0874,DEL,DXB,2024-04-17 04:34:00,On Time,161
DXB0875,LHR,DXB,2024-04-17 07:34:00,On Time,42
DXB0876,DEL,DXB,2024-04-16 16:18:00,Delayed,126
DXB0877,LHR,DXB,2024-04-16 16:59:00,Delayed,152
DXB0878,CDG,DXB,2024-04-16 17:22:00,Delayed,235
DXB0879,JFK,DXB,2024-04-16 15:21:00,Delayed,204
DXB0880,MUM,DXB,2024-04-17 05:24:00,On Time,113
DXB0881,DEL,DXB,2024-04-16 20:52:00,Diverted,112
DXB0882,JFK,DXB,2024-04-16 13:49:00,Delayed,66
DXB0883,MUM,DXB,2024-04-17 06:55:00,On Time,94
DXB0884,MUM,DXB,2024-04-16 16:39:00,Delayed,328
DXB0885,LHR,DXB,2024-04-17 06:23:00,On Time,91
DXB0886,CDG,DXB,2024-04-16 10:17:00,Cancelled,140
DXB0887,CDG,DXB,2024-04-17 00:31:00,On Time,101
DXB0888,JFK,DXB,2024-04-16 14:07:00,Delayed,63
DXB0889,CDG,DXB,2024-04-17 04:43:00,On Time,164
DXB0890,DEL,DXB,2024-04-17 06:40:00,On Time,30
DXB0891,CDG,DXB,2024-04-17 04:46:00,On Time,42
DXB0892,JFK,DXB,2024-04-16 13:59:00,Delayed,197
DXB0893,CDG,DXB,2024-04-16 23:20:00,On Time,60
DXB0894,DEL,DXB,2024-04-16 13:28:00,Diverted,86
DXB0895,LHR,DXB,2024-04-17 00:01:00,On Time,99
DXB0896,JFK,DXB,2024-04-16 15:42:00,Diverted,40
DXB0897,LHR,DXB,2024-04-16 23:45:00,On Time,99
DXB0898,LHR,DXB,2024-04-17 00:02:00,Delayed,290
DXB0899,LHR,DXB,2024-04-17 07:25:00,On Time,79
DXB0900,MUM,DXB,2024-04-16 21:55:00,On Time,148
DXB0901,MUM,DXB,2024-04-16 10:48:00,On Time,165
DXB0902,LHR,DXB,2024-04-16 11:36:00,On Time,129
DXB0903,JFK,DXB,2024-04-16 14:17:00,Diverted,78
DXB0904,DEL,DXB,2024-04-16 09:58:00,On Time,101
DXB0905,DEL,DXB,2024-04-16 11:09:00,On Time,121
DXB0906,CDG,DXB,2024-04-16 20:46:00,Diverted,165
DXB0907,JFK,DXB,2024-04-16 14:09:00,Diverted,110
DXB0908,MUM,DXB,2024-04-16 10:28:00,Delayed,147
DXB0909,LHR,DXB,2024-04-16 18:51:00,Diverted,91
DXB0910,CDG,DXB,2024-04-16 20:49:00,On Time,160
DXB0911,DEL,DXB,2024-04-16 14:13:00,Cancelled,101
DXB0912,MUM,DXB,2024-04-16 21:00:00,On Time,163
DXB0913,MUM,DXB,2024-04-16 10:39:00,On Time,71
DXB0914,LHR,DXB,2024-04-16 13:50:00,Cancelled,117
DXB0915,DEL,DXB,2024-04-17 05:51:00,On Time,165
DXB0916,JFK,DXB,2024-04-17 05:51:00,On Time,105
DXB0917,MUM,DXB,2024-04-16 22:51:00,Cancelled,59
DXB0918,LHR,DXB,2024-04-17 04:49:00,Delayed,76
DXB0919,JFK,DXB,2024-04-16 16:42:00,Delayed,111
DXB0920,DEL,DXB,2024-04-16 16:41:00,Cancelled,61
DXB0921,MUM,DXB,2024-04-16 21:02:00,On Time,149
DXB0922,JFK,DXB,2024-04-16 12:32:00,Delayed,193
DXB0923,JFK,DXB,2024-04-16 23:35:00,On Time,98
DXB0924,JFK,DXB,2024-04-17 07:45:00,On Time,105
DXB0925,MUM,DXB,2024-04-16 11:02:00,On Time,148
DXB0926,MUM,DXB,2024-04-16 16:07:00,Delayed,270
DXB0927,CDG,DXB,2024-04-16 22:05:00,On Time,151
DXB0928,DEL,DXB,2024-04-16 10:03:00,Delayed,278
DXB0929,LHR,DXB,2024-04-17 00:24:00,Delayed,264
DXB0930,JFK,DXB,2024-04-16 21:09:00,On Time,45
DXB0931,CDG,DXB,2024-04-16 14:53:00,Diverted,35
DXB0932,LHR,DXB,2024-04-17 03:55:00,Diverted,104
DXB0933,CDG,DXB,2024-04-17 05:51:00,On Time,54
DXB0934,MUM,DXB,2024-04-16 19:25:00,On Time,126
DXB0935,JFK,DXB,2024-04-16 09:52:00,On Time,59
DXB0936,LHR,DXB,2024-04-16 22:47:00,Diverted,91
DXB0937,LHR,DXB,2024-04-16 10:01:00,Cancelled,101
DXB0938,LHR,DXB,2024-04-17 04:45:00,On Time,162
DXB0939,LHR,DXB,2024-04-16 08:38:00,On Time,115
DXB0940,LHR,DXB,2024-04-16 16:16:00,Diverted,131
DXB0941,CDG,DXB,2024-04-16 20:59:00,On Time,106
DXB0942,JFK,DXB,2024-04-17 04:56:00,On Time,159
DXB0943,MUM,DXB,2024-04-16 23:42:00,Cancelled,42
DXB0944,MUM,DXB,2024-04-16 10:28:00,On Time,39
DXB0945,MUM,DXB,2024-04-17 07:40:00,Delayed,270
DXB0946,MUM,DXB,2024-04-17 01:01:00,Cancelled,55
DXB0947,CDG,DXB,2024-04-16 19:00:00,Delayed,336
DXB0948,DEL,DXB,2024-04-16 13:01:00,Delayed,83
DXB0949,JFK,DXB,2024-04-17 07:03:00,On Time,52
DXB0950,LHR,DXB,2024-04-16 11:57:00,On Time,148
DXB0951,DEL,DXB,2024-04-16 18:46:00,Delayed,63
DXB0952,MUM,DXB,2024-04-16 19:02:00,On Time,156
DXB0953,DEL,DXB,2024-04-16 11:55:00,On Time,80
DXB0954,JFK,DXB,2024-04-16 11:22:00,On Time,17
DXB0955,LHR,DXB,2024-04-16 12:15:00,Diverted,131
DXB0956,LHR,DXB,2024-04-16 17:57:00,Delayed,211
DXB0957,JFK,DXB,2024-04-16 19:01:00,On Time,166
DXB0958,JFK,DXB,2024-04-16 11:54:00,Delayed,318
DXB0959,MUM,DXB,2024-04-17 06:48:00,Delayed,227
DXB0960,LHR,DXB,2024-04-16 16:53:00,Delayed,235
DXB0961,DEL,DXB,2024-04-16 22:19:00,On Time,139
DXB0962,CDG,DXB,2024-04-16 20:49:00,On Time,102
DXB0963,CDG,DXB,2024-04-16 17:00:00,Diverted,49
DXB0964,JFK,DXB,2024-04-16 11:32:00,On Time,15
DXB0965,MUM,DXB,2024-04-16 15:42:00,Cancelled,167
DXB0966,CDG,DXB,2024-04-16 15:15:00,Cancelled,140
DXB0967,LHR,DXB,2024-04-16 12:42:00,Cancelled,103
DXB0968,JFK,DXB,2024-04-17 07:50:00,On Time,158
DXB0969,DEL,DXB,2024-04-16 09:27:00,On Time,161
DXB0970,JFK,DXB,2024-04-17 01:47:00,On Time,165
DXB0971,DEL,DXB,2024-04-16 15:40:00,Delayed,350
DXB0972,JFK,DXB,2024-04-16 12:37:00,Delayed,115
DXB0973,JFK,DXB,2024-04-16 15:00:00,Diverted,87
DXB0974,JFK,DXB,2024-04-17 06:56:00,On Time,143
DXB0975,DEL,DXB,2024-04-16 19:35:00,On Time,56
DXB0976,DEL,DXB,2024-04-16 16:34:00,Cancelled,161
DXB0977,JFK,DXB,2024-04-16 19:42:00,Diverted,176
DXB0978,CDG,DXB,2024-04-16 08:18:00,On Time,94
DXB0979,MUM,DXB,2024-04-16 08:22:00,On Time,118
DXB0980,MUM,DXB,2024-04-16 14:52:00,Cancelled,160
DXB0981,MUM,DXB,2024-04-17 01:33:00,On Time,48
DXB0982,DEL,DXB,2024-04-16 09:47:00,On Time,103
DXB0983,DEL,DXB,2024-04-17 07:10:00,On Time,139
DXB0984,CDG,DXB,2024-04-17 05:44:00,Delayed,167
DXB0985,MUM,DXB,2024-04-17 03:11:00,On Time,148
DXB0986,MUM,DXB,2024-04-17 04:52:00,On Time,35
DXB0987,JFK,DXB,2024-04-17 02:54:00,On Time,136
DXB0988,DEL,DXB,2024-04-16 10:15:00,Cancelled,84
DXB0989,MUM,DXB,2024-04-16 14:01:00,Delayed,355
DXB0990,CDG,DXB,2024-04-17 04:09:00,On Time,119
DXB0991,CDG,DXB,2024-04-16 10:08:00,On Time,62
DXB0992,MUM,DXB,2024-04-17 05:24:00,On Time,53
DXB0993,DEL,DXB,2024-04-16 16:34:00,Delayed,200
DXB0994,CDG,DXB,2024-04-16 15:28:00,Diverted,24
DXB0995,JFK,DXB,2024-04-17 02:47:00,On Time,44
DXB0996,CDG,DXB,2024-04-17 04:47:00,On Time,32
DXB0997,LHR,DXB,2024-04-16 22:33:00,On Time,102
DXB0998,LHR,DXB,2024-04-16 15:52:00,Delayed,214
DXB0999,DEL,DXB,2024-04-17 01:13:00,Cancelled,87
DXB1000,MUM,DXB,2024-04-17 07:48:00,On Time,29
DXB1001,DEL,DXB,2024-04-16 13:01:00,Cancelled,18
DXB1002,DEL,DXB,2024-04-16 11:50:00,On Time,23
DXB1003,DEL,DXB,2024-04-16 23:22:00,On Time,123
DXB1004,DEL,DXB,2024-04-17 02:09:00,Delayed,321
DXB1005,JFK,DXB,2024-04-16 23:36:00,On Time,168
DXB1006,JFK,DXB,2024-04-16 09:51:00,On Time,146
DXB1007,CDG,DXB,2024-04-17 01:16:00,On Time,30
DXB1008,LHR,DXB,2024-04-17 07:36:00,On Time,157
DXB1009,DEL,DXB,2024-04-16 16:19:00,Delayed,332
DXB1010,CDG,DXB,2024-04-16 23:31:00,On Time,135
DXB1011,LHR,DXB,2024-04-16 17:57:00,Cancelled,66
DXB1012,MUM,DXB,2024-04-16 11:53:00,Delayed,291
DXB1013,JFK,DXB,2024-04-16 18:01:00,Diverted,19
DXB1014,LHR,DXB,2024-04-16 13:13:00,Delayed,300
DXB1015,MUM,DXB,2024-04-16 17:25:00,Delayed,317
DXB1016,LHR,DXB,2024-04-17 01:15:00,Delayed,308
DXB1017,JFK,DXB,2024-04-16 11:28:00,On Time,125
DXB1018,JFK,DXB,2024-04-17 01:17:00,On Time,16
DXB1019,CDG,DXB,2024-04-17 07:20:00,Delayed,136
DXB1020,DEL,DXB,2024-04-17 01:23:00,On Time,27
DXB1021,LHR,DXB,2024-04-16 17:46:00,Cancelled,18
DXB1022,LHR,DXB,2024-04-17 00:54:00,Cancelled,123
DXB1023,MUM,DXB,2024-04-17 02:13:00,Cancelled,88
DXB1024,JFK,DXB,2024-04-17 04:34:00,On Time,109
DXB1025,LHR,DXB,2024-04-17 02:44:00,On Time,119
DXB1026,JFK,DXB,2024-04-16 19:37:00,On Time,22
DXB1027,LHR,DXB,2024-04-16 10:11:00,Delayed,239
DXB1028,CDG,DXB,2024-04-17 07:24:00,Diverted,124
DXB1029,DEL,DXB,2024-04-17 03:15:00,On Time,23
DXB1030,LHR,DXB,2024-04-17 01:23:00,On Time,131
DXB1031,JFK,DXB,2024-04-16 16:55:00,Cancelled,25
DXB1032,CDG,DXB,2024-04-17 00:53:00,On Time,113
DXB1033,LHR,DXB,2024-04-16 11:46:00,On Time,56
DXB1034,MUM,DXB,2024-04-17 03:37:00,Diverted,155
DXB1035,DEL,DXB,2024-04-16 21:41:00,On Time,178
DXB1036,LHR,DXB,2024-04-16 22:30:00,On Time,134
DXB1037,CDG,DXB,2024-04-16 14:44:00,Delayed,125
DXB1038,MUM,DXB,2024-04-16 11:21:00,On Time,26
DXB1039,CDG,DXB,2024-04-16 08:37:00,Delayed,230
DXB1040,CDG,DXB,2024-04-16 23:41:00,On Time,88
DXB1041,MUM,DXB,2024-04-16 11:07:00,Diverted,87
DXB1042,CDG,DXB,2024-04-17 02:00:00,On Time,66
DXB1043,MUM,DXB,2024-04-16 23:40:00,On Time,144
DXB1044,LHR,DXB,2024-04-17 01:23:00,On Time,70
DXB1045,MUM,DXB,2024-04-16 12:32:00,Cancelled,74
DXB1046,MUM,DXB,2024-04-17 03:02:00,On Time,37
DXB1047,DEL,DXB,2024-04-16 17:42:00,Diverted,117
DXB1048,MUM,DXB,2024-04-16 16:35:00,Delayed,81
DXB1049,MUM,DXB,2024-04-17 04:44:00,On Time,78
DXB1050,LHR,DXB,2024-04-16 16:45:00,Delayed,166
DXB1051,DEL,DXB,2024-04-16 13:35:00,Diverted,165
DXB1052,JFK,DXB,2024-04-16 19:37:00,Delayed,286
DXB1053,LHR,DXB,2024-04-17 01:58:00,On Time,103
DXB1054,LHR,DXB,2024-04-16 16:19:00,Cancelled,45
DXB1055,JFK,DXB,2024-04-16 22:59:00,On Time,34
DXB1056,MUM,DXB,2024-04-16 20:45:00,On Time,144
DXB1057,CDG,DXB,2024-04-16 16:55:00,Diverted,167
DXB1058,DEL,DXB,2024-04-16 10:41:00,Delayed,275
DXB1059,CDG,DXB,2024-04-16 17:53:00,Delayed,128
DXB1060,JFK,DXB,2024-04-16 10:38:00,On Time,117
DXB1061,LHR,DXB,2024-04-17 04:11:00,On Time,120
DXB1062,LHR,DXB,2024-04-16 08:59:00,Delayed,143
DXB1063,DEL,DXB,2024-04-16 23:14:00,On Time,84
DXB1064,LHR,DXB,2024-04-17 06:22:00,Delayed,162
DXB1065,LHR,DXB,2024-04-16 11:30:00,Delayed,98
DXB1066,DEL,DXB,2024-04-16 14:45:00,Delayed,72
DXB1067,DEL,DXB,2024-04-16 19:03:00,On Time,132
DXB1068,JFK,DXB,2024-04-17 02:52:00,On Time,98
DXB1069,LHR,DXB,2024-04-17 02:19:00,On Time,83
DXB1070,LHR,DXB,2024-04-16 17:01:00,Cancelled,73
DXB1071,JFK,DXB,2024-04-17 06:17:00,Delayed,356
DXB1072,MUM,DXB,2024-04-17 00:37:00,On Time,125
DXB1073,MUM,DXB,2024-04-17 03:00:00,On Time,76
DXB1074,MUM,DXB,2024-04-16 23:26:00,Cancelled,158
DXB1075,JFK,DXB,2024-04-16 22:27:00,Delayed,240
DXB1076,LHR,DXB,2024-04-16 08:18:00,Diverted,119
DXB1077,JFK,DXB,2024-04-16 15:11:00,Delayed,327
DXB1078,JFK,DXB,2024-04-16 20:19:00,On Time,29
DXB1079,MUM,DXB,2024-04-17 06:53:00,On Time,49
DXB1080,CDG,DXB,2024-04-16 11:02:00,Cancelled,28
DXB1081,LHR,DXB,2024-04-16 09:52:00,On Time,116
DXB1082,MUM,DXB,2024-04-17 04:06:00,On Time,114
DXB1083,CDG,DXB,2024-04-16 16:00:00,Delayed,72
DXB1084,CDG,DXB,2024-04-17 03:29:00,On Time,44
DXB1085,DEL,DXB,2024-04-16 21:50:00,Delayed,179
DXB1086,LHR,DXB,2024-04-17 02:56:00,On Time,158
DXB1087,CDG,DXB,2024-04-16 20:42:00,On Time,125
DXB1088,MUM,DXB,2024-04-16 15:55:00,Delayed,116
DXB1089,DEL,DXB,2024-04-16 20:42:00,On Time,94
DXB1090,LHR,DXB,2024-04-17 06:06:00,On Time,97
DXB1091,JFK,DXB,2024-04-17 00:10:00,On Time,56
DXB1092,MUM,DXB,2024-04-17 00:59:00,Diverted,31
DXB1093,CDG,DXB,2024-04-17 03:01:00,On Time,21
DXB1094,CDG,DXB,2024-04-16 10:40:00,On Time,169
DXB1095,MUM,DXB,2024-04-16 14:40:00,Delayed,99
DXB1096,CDG,DXB,2024-04-16 11:17:00,On Time,48
DXB1097,DEL,DXB,2024-04-17 05:23:00,On Time,50
DXB1098,LHR,DXB,2024-04-16 18:59:00,Delayed,187
DXB1099,DEL,DXB,2024-04-17 01:50:00,On Time,20
DXB1100,CDG,DXB,2024-04-16 14:38:00,Delayed,232
DXB1101,JFK,DXB,2024-04-16 09:17:00,On Time,160
DXB1102,LHR,DXB,2024-04-16 10:03:00,On Time,148
DXB1103,LHR,DXB,2024-04-16 09:14:00,On Time,43
DXB1104,MUM,DXB,2024-04-16 10:16:00,Diverted,140
DXB1105,MUM,DXB,2024-04-16 18:01:00,Diverted,167
DXB1106,JFK,DXB,2024-04-17 07:43:00,On Time,95
DXB1107,LHR,DXB,2024-04-16 21:56:00,On Time,166
DXB1108,JFK,DXB,2024-04-16 16:19:00,Diverted,89
DXB1109,MUM,DXB,2024-04-16 10:17:00,On Time,40
DXB1110,MUM,DXB,2024-04-16 08:49:00,On Time,141
DXB1111,LHR,DXB,2024-04-17 00:12:00,On Time,129
DXB1112,DEL,DXB,2024-04-16 12:13:00,Cancelled,140
DXB1113,CDG,DXB,2024-04-16 19:49:00,On Time,42
DXB1114,MUM,DXB,2024-04-16 17:22:00,Delayed,94
DXB1115,MUM,DXB,2024-04-16 20:36:00,Delayed,318
DXB1116,DEL,DXB,2024-04-16 17:06:00,Delayed,64
DXB1117,DEL,DXB,2024-04-17 06:05:00,On Time,104
DXB1118,JFK,DXB,2024-04-16 23:21:00,On Time,35
DXB1119,JFK,DXB,2024-04-16 17:40:00,Delayed,277
DXB1120,CDG,DXB,2024-04-17 06:52:00,On Time,117
DXB1121,CDG,DXB,2024-04-16 08:48:00,On Time,73
DXB1122,LHR,DXB,2024-04-16 23:16:00,On Time,86
DXB1123,JFK,DXB,2024-04-17 02:17:00,On Time,34
DXB1124,MUM,DXB,2024-04-16 19:43:00,On Time,126
DXB1125,JFK,DXB,2024-04-16 12:20:00,Cancelled,73
DXB1126,MUM,DXB,2024-04-16 13:55:00,Delayed,70
DXB1127,DEL,DXB,2024-04-17 05:23:00,On Time,151
DXB1128,JFK,DXB,2024-04-16 18:37:00,Diverted,123
DXB1129,DEL,DXB,2024-04-16 20:22:00,On Time,143
DXB1130,CDG,DXB,2024-04-17 05:58:00,On Time,171
DXB1131,CDG,DXB,2024-04-17 00:49:00,Cancelled,70
DXB1132,LHR,DXB,2024-04-16 23:30:00,Cancelled,49
DXB1133,JFK,DXB,2024-04-16 18:40:00,Delayed,176
DXB1134,DEL,DXB,2024-04-16 21:11:00,Diverted,145
DXB1135,MUM,DXB,2024-04-17 06:16:00,Diverted,118
DXB1136,CDG,DXB,2024-04-16 18:11:00,Delayed,243
DXB1137,CDG,DXB,2024-04-16 21:28:00,Delayed,175
DXB1138,MUM,DXB,2024-04-17 04:05:00,On Time,15
DXB1139,DEL,DXB,2024-04-16 19:25:00,On Time,101
DXB1140,DEL,DXB,2024-04-17 07:07:00,On Time,55
DXB1141,JFK,DXB,2024-04-16 11:07:00,On Time,137
DXB1142,JFK,DXB,2024-04-17 00:24:00,Diverted,89
DXB1143,LHR,DXB,2024-04-16 17:07:00,Delayed,221
DXB1144,CDG,DXB,2024-04-16 20:04:00,Delayed,126
DXB1145,JFK,DXB,2024-04-16 23:25:00,Delayed,259
DXB1146,DEL,DXB,2024-04-17 07:51:00,Cancelled,77
DXB1147,MUM,DXB,2024-04-16 22:35:00,Diverted,179
DXB1148,DEL,DXB,2024-04-16 18:17:00,Cancelled,141
DXB1149,CDG,DXB,2024-04-16 14:53:00,Delayed,90
DXB1150,DEL,DXB,2024-04-17 06:45:00,On Time,62
DXB1151,LHR,DXB,2024-04-17 04:43:00,On Time,17
DXB1152,CDG,DXB,2024-04-16 23:02:00,On Time,130
DXB1153,MUM,DXB,2024-04-16 10:42:00,On Time,113
DXB1154,LHR,DXB,2024-04-17 04:43:00,Delayed,134
DXB1155,CDG,DXB,2024-04-16 12:29:00,Delayed,296
DXB1156,MUM,DXB,2024-04-16 18:31:00,Delayed,125
DXB1157,LHR,DXB,2024-04-16 23:05:00,On Time,75
DXB1158,LHR,DXB,2024-04-17 07:43:00,On Time,173
DXB1159,CDG,DXB,2024-04-17 04:05:00,On Time,109
DXB1160,JFK,DXB,2024-04-16 11:24:00,Delayed,129
DXB1161,LHR,DXB,2024-04-16 17:41:00,Delayed,356
DXB1162,LHR,DXB,2024-04-16 22:00:00,Delayed,79
DXB1163,MUM,DXB,2024-04-17 04:51:00,On Time,130
DXB1164,DEL,DXB,2024-04-16 17:55:00,Delayed,285
DXB1165,CDG,DXB,2024-04-16 12:09:00,Diverted,96
DXB1166,CDG,DXB,2024-04-16 22:34:00,On Time,64
DXB1167,JFK,DXB,2024-04-16 11:15:00,On Time,93
DXB1168,JFK,DXB,2024-04-16 19:29:00,Cancelled,93
DXB1169,CDG,DXB,2024-04-17 02:13:00,On Time,84
DXB1170,JFK,DXB,2024-04-16 18:38:00,Delayed,258
DXB1171,MUM,DXB,2024-04-17 07:42:00,Diverted,29
DXB1172,CDG,DXB,2024-04-16 19:11:00,Delayed,98
DXB1173,JFK,DXB,2024-04-17 04:26:00,On Time,50
DXB1174,CDG,DXB,2024-04-17 03:31:00,Delayed,204
DXB1175,DEL,DXB,2024-04-16 23:43:00,On Time,93
DXB1176,LHR,DXB,2024-04-16 11:18:00,On Time,145
DXB1177,CDG,DXB,2024-04-16 16:11:00,Delayed,104
DXB1178,LHR,DXB,2024-04-16 22:55:00,Diverted,119
DXB1179,JFK,DXB,2024-04-16 10:21:00,Diverted,112
DXB1180,LHR,DXB,2024-04-17 06:16:00,On Time,110
DXB1181,CDG,DXB,2024-04-16 10:44:00,On Time,174
DXB1182,DEL,DXB,2024-04-16 13:13:00,Delayed,150
DXB1183,JFK,DXB,2024-04-16 08:20:00,Diverted,27
DXB1184,CDG,DXB,2024-04-17 02:25:00,Diverted,15
DXB1185,JFK,DXB,2024-04-17 03:14:00,On Time,48
DXB1186,MUM,DXB,2024-04-17 00:23:00,Delayed,297
DXB1187,LHR,DXB,2024-04-16 13:04:00,Delayed,129
DXB1188,MUM,DXB,2024-04-16 14:10:00,Diverted,135
DXB1189,CDG,DXB,2024-04-16 22:12:00,On Time,107
DXB1190,DEL,DXB,2024-04-16 14:23:00,Delayed,225
DXB1191,JFK,DXB,2024-04-16 15:24:00,Cancelled,96
DXB1192,LHR,DXB,2024-04-16 15:04:00,Delayed,189
DXB1193,JFK,DXB,2024-04-16 10:40:00,On Time,167
DXB1194,CDG,DXB,2024-04-17 04:01:00,Diverted,52
DXB1195,JFK,DXB,2024-04-16 18:28:00,Delayed,273
DXB1196,LHR,DXB,2024-04-16 22:54:00,On Time,150
DXB1197,CDG,DXB,2024-04-16 16:09:00,Delayed,148
DXB1198,JFK,DXB,2024-04-17 00:56:00,On Time,68
DXB1199,DEL,DXB,2024-04-16 13:26:00,Diverted,144
DXB1200,CDG,DXB,2024-04-16 17:57:00,Diverted,115
DXB1201,CDG,DXB,2024-04-17 00:54:00,On Time,103
DXB1202,DEL,DXB,2024-04-16 12:48:00,Delayed,311
DXB1203,MUM,DXB,2024-04-16 17:52:00,Cancelled,108
DXB1204,LHR,DXB,2024-04-16 17:32:00,Diverted,107
DXB1205,MUM,DXB,2024-04-17 06:57:00,Delayed,131
DXB1206,JFK,DXB,2024-04-16 08:27:00,On Time,99
DXB1207,DEL,DXB,2024-04-16 23:53:00,On Time,36
DXB1208,MUM,DXB,2024-04-16 08:42:00,Delayed,224
DXB1209,CDG,DXB,2024-04-16 15:02:00,Delayed,108
DXB1210,JFK,DXB,2024-04-16 10:56:00,On Time,64
DXB1211,JFK,DXB,2024-04-16 16:48:00,Delayed,111
DXB1212,MUM,DXB,2024-04-17 00:05:00,On Time,142
DXB1213,MUM,DXB,2024-04-16 11:17:00,On Time,127
DXB1214,DEL,DXB,2024-04-16 18:09:00,Delayed,348
DXB1215,LHR,DXB,2024-04-16 22:01:00,Delayed,337
DXB1216,MUM,DXB,2024-04-16 22:12:00,Diverted,144
DXB1217,MUM,DXB,2024-04-16 08:21:00,On Time,146
DXB1218,CDG,DXB,2024-04-17 02:55:00,On Time,99
DXB1219,JFK,DXB,2024-04-17 02:00:00,On Time,108
DXB1220,LHR,DXB,2024-04-17 02:09:00,On Time,148
DXB1221,CDG,DXB,2024-04-16 22:01:00,On Time,95
DXB1222,DEL,DXB,2024-04-16 09:37:00,On Time,83
DXB1223,DEL,DXB,2024-04-17 03:27:00,Diverted,83
DXB1224,MUM,DXB,2024-04-16 15:14:00,Diverted,162
DXB1225,MUM,DXB,2024-04-16 18:36:00,Delayed,173
DXB1226,DEL,DXB,2024-04-17 02:29:00,On Time,65
DXB1227,MUM,DXB,2024-04-16 17:47:00,Diverted,119
DXB1228,LHR,DXB,2024-04-16 13:43:00,Diverted,179
DXB1229,MUM,DXB,2024-04-17 05:57:00,On Time,80
DXB1230,JFK,DXB,2024-04-16 17:30:00,Diverted,23
DXB1231,MUM,DXB,2024-04-16 18:10:00,Cancelled,121
DXB1232,CDG,DXB,2024-04-16 12:02:00,Cancelled,114
DXB1233,LHR,DXB,2024-04-16 17:20:00,Cancelled,100
DXB1234,CDG,DXB,2024-04-16 23:59:00,On Time,78
DXB1235,CDG,DXB,2024-04-16 08:31:00,On Time,36
DXB1236,JFK,DXB,2024-04-16 14:30:00,Cancelled,176
DXB1237,LHR,DXB,2024-04-16 12:36:00,Cancelled,171
DXB1238,LHR,DXB,2024-04-16 16:51:00,Delayed,298
DXB1239,LHR,DXB,2024-04-17 03:37:00,Delayed,192
DXB1240,LHR,DXB,2024-04-16 14:22:00,Diverted,32
DXB1241,LHR,DXB,2024-04-17 02:11:00,Delayed,333
DXB1242,JFK,DXB,2024-04-16 22:43:00,Diverted,141
DXB1243,MUM,DXB,2024-04-16 11:33:00,On Time,111
DXB1244,CDG,DXB,2024-04-16 14:15:00,Cancelled,15
DXB1245,LHR,DXB,2024-04-16 20:23:00,On Time,146
DXB1246,MUM,DXB,2024-04-16 11:32:00,Diverted,18
DXB1247,MUM,DXB,2024-04-16 09:18:00,On Time,139
DXB1248,CDG,DXB,2024-04-16 18:27:00,Delayed,225
DXB1249,JFK,DXB,2024-04-16 18:03:00,Delayed,352
DXB1250,DEL,DXB,2024-04-16 21:01:00,On Time,73
DXB1251,DEL,DXB,2024-04-17 07:24:00,On Time,46
DXB1252,MUM,DXB,2024-04-17 00:40:00,Diverted,175
DXB1253,CDG,DXB,2024-04-16 19:19:00,Delayed,302
DXB1254,DEL,DXB,2024-04-16 08:57:00,Cancelled,120
DXB1255,MUM,DXB,2024-04-17 01:29:00,Diverted,119
DXB1256,JFK,DXB,2024-04-16 22:40:00,On Time,84
DXB1257,DEL,DXB,2024-04-16 15:26:00,Delayed,197
DXB1258,MUM,DXB,2024-04-16 09:05:00,On Time,48
DXB1259,MUM,DXB,2024-04-17 05:17:00,On Time,101
DXB1260,LHR,DXB,2024-04-17 01:47:00,On Time,128
DXB1261,JFK,DXB,2024-04-17 02:40:00,On Time,120
DXB1262,LHR,DXB,2024-04-17 00:51:00,On Time,70
DXB1263,CDG,DXB,2024-04-16 11:46:00,On Time,127
DXB1264,LHR,DXB,2024-04-16 20:53:00,On Time,27
DXB1265,LHR,DXB,2024-04-16 19:18:00,On Time,32
DXB1266,DEL,DXB,2024-04-16 18:00:00,Diverted,127
DXB1267,MUM,DXB,2024-04-16 14:18:00,Delayed,138
DXB1268,JFK,DXB,2024-04-17 04:01:00,Diverted,93
DXB1269,LHR,DXB,2024-04-16 19:48:00,On Time,160
DXB1270,JFK,DXB,2024-04-16 13:06:00,Cancelled,165
DXB1271,LHR,DXB,2024-04-16 20:58:00,Delayed,229
DXB1272,CDG,DXB,2024-04-16 16:23:00,Diverted,112
DXB1273,LHR,DXB,2024-04-16 12:27:00,Diverted,72
DXB1274,DEL,DXB,2024-04-16 08:07:00,On Time,81
DXB1275,MUM,DXB,2024-04-16 16:27:00,Delayed,182
DXB1276,CDG,DXB,2024-04-16 15:55:00,Diverted,160
DXB1277,LHR,DXB,2024-04-17 06:00:00,On Time,120
DXB1278,JFK,DXB,2024-04-16 10:43:00,On Time,21
DXB1279,CDG,DXB,2024-04-16 16:04:00,Cancelled,54
DXB1280,CDG,DXB,2024-04-17 02:15:00,On Time,84
DXB1281,LHR,DXB,2024-04-16 17:26:00,Delayed,235
DXB1282,CDG,DXB,2024-04-16 23:04:00,On Time,63
DXB1283,JFK,DXB,2024-04-16 17:18:00,Delayed,359
DXB1284,CDG,DXB,2024-04-16 11:57:00,Cancelled,128
DXB1285,JFK,DXB,2024-04-17 02:47:00,On Time,121
DXB1286,LHR,DXB,2024-04-17 04:33:00,On Time,43
DXB1287,MUM,DXB,2024-04-16 17:13:00,Delayed,141
DXB1288,CDG,DXB,2024-04-16 21:47:00,On Time,92
DXB1289,MUM,DXB,2024-04-16 15:47:00,Delayed,146
DXB1290,JFK,DXB,2024-04-17 05:31:00,Delayed,284
DXB1291,CDG,DXB,2024-04-16 14:25:00,Delayed,75
DXB1292,DEL,DXB,2024-04-16 20:54:00,On Time,142
DXB1293,MUM,DXB,2024-04-16 22:07:00,On Time,34
DXB1294,CDG,DXB,2024-04-16 14:26:00,Diverted,169
DXB1295,MUM,DXB,2024-04-16 22:36:00,On Time,86
DXB1296,CDG,DXB,2024-04-16 12:18:00,Cancelled,79
DXB1297,LHR,DXB,2024-04-16 12:42:00,Cancelled,127
DXB1298,MUM,DXB,2024-04-16 08:39:00,On Time,38
DXB1299,DEL,DXB,2024-04-16 16:05:00,Diverted,142
DXB1300,DEL,DXB,2024-04-16 23:28:00,On Time,97
DXB1301,JFK,DXB,2024-04-16 11:39:00,Delayed,222
DXB1302,CDG,DXB,2024-04-17 03:12:00,On Time,74
DXB1303,MUM,DXB,2024-04-17 00:54:00,On Time,113
DXB1304,JFK,DXB,2024-04-17 01:03:00,On Time,76
DXB1305,MUM,DXB,2024-04-16 18:12:00,Delayed,157
DXB1306,CDG,DXB,2024-04-16 23:27:00,On Time,36
DXB1307,DEL,DXB,2024-04-16 19:27:00,On Time,140
DXB1308,LHR,DXB,2024-04-16 18:12:00,Delayed,215
DXB1309,DEL,DXB,2024-04-16 12:19:00,Cancelled,56
DXB1310,JFK,DXB,2024-04-17 00:29:00,On Time,112
DXB1311,LHR,DXB,2024-04-17 00:05:00,On Time,45
DXB1312,JFK,DXB,2024-04-16 14:05:00,Delayed,61
DXB1313,CDG,DXB,2024-04-16 17:03:00,Diverted,126
DXB1314,LHR,DXB,2024-04-16 18:48:00,Cancelled,160
DXB1315,JFK,DXB,2024-04-16 21:33:00,On Time,136
DXB1316,CDG,DXB,2024-04-17 01:19:00,On Time,31
DXB1317,DEL,DXB,2024-04-17 03:12:00,On Time,52
DXB1318,CDG,DXB,2024-04-16 17:34:00,Delayed,228
DXB1319,MUM,DXB,2024-04-17 02:52:00,On Time,124
DXB1320,CDG,DXB,2024-04-17 00:52:00,On Time,36
DXB1321,CDG,DXB,2024-04-16 19:09:00,Delayed,151
DXB1322,MUM,DXB,2024-04-16 12:28:00,Delayed,240
DXB1323,JFK,DXB,2024-04-17 03:45:00,Cancelled,161
DXB1324,JFK,DXB,2024-04-17 05:23:00,On Time,71
DXB1325,CDG,DXB,2024-04-16 23:23:00,On Time,49
DXB1326,MUM,DXB,2024-04-17 02:45:00,On Time,128
DXB1327,MUM,DXB,2024-04-16 12:06:00,Delayed,290
DXB1328,DEL,DXB,2024-04-16 10:10:00,On Time,143
DXB1329,JFK,DXB,2024-04-16 13:52:00,Diverted,66
DXB1330,LHR,DXB,2024-04-16 11:15:00,Diverted,99
DXB1331,JFK,DXB,2024-04-16 23:29:00,On Time,179
DXB1332,JFK,DXB,2024-04-17 07:25:00,On Time,79
DXB1333,DEL,DXB,2024-04-17 01:01:00,On Time,143
DXB1334,LHR,DXB,2024-04-16 18:44:00,Delayed,207
DXB1335,DEL,DXB,2024-04-16 11:46:00,On Time,30
DXB1336,LHR,DXB,2024-04-16 19:40:00,On Time,137
DXB1337,CDG,DXB,2024-04-16 12:24:00,Diverted,75
DXB1338,LHR,DXB,2024-04-17 07:15:00,On Time,68
DXB1339,DEL,DXB,2024-04-16 18:45:00,Delayed,339
DXB1340,JFK,DXB,2024-04-16 11:30:00,On Time,94
DXB1341,LHR,DXB,2024-04-17 07:20:00,On Time,79
DXB1342,LHR,DXB,2024-04-17 07:38:00,On Time,114
DXB1343,MUM,DXB,2024-04-16 23:42:00,On Time,88
DXB1344,JFK,DXB,2024-04-17 07:07:00,On Time,31
DXB1345,CDG,DXB,2024-04-16 15:36:00,Diverted,135
DXB1346,DEL,DXB,2024-04-16 20:04:00,Delayed,248
DXB1347,CDG,DXB,2024-04-17 04:49:00,On Time,149
DXB1348,JFK,DXB,2024-04-17 00:21:00,Diverted,85
DXB1349,LHR,DXB,2024-04-17 03:14:00,Diverted,122
DXB1350,LHR,DXB,2024-04-16 17:47:00,Delayed,187
DXB1351,JFK,DXB,2024-04-16 15:55:00,Delayed,66
DXB1352,LHR,DXB,2024-04-17 00:25:00,On Time,60
DXB1353,LHR,DXB,2024-04-17 05:40:00,Delayed,106
DXB1354,LHR,DXB,2024-04-16 10:35:00,On Time,30
DXB1355,DEL,DXB,2024-04-17 04:41:00,On Time,85
DXB1356,DEL,DXB,2024-04-16 11:09:00,On Time,110
DXB1357,MUM,DXB,2024-04-17 00:20:00,Delayed,112
DXB1358,CDG,DXB,2024-04-16 17:05:00,Delayed,246
DXB1359,JFK,DXB,2024-04-16 08:40:00,On Time,24
DXB1360,JFK,DXB,2024-04-16 13:06:00,Diverted,139
DXB1361,JFK,DXB,2024-04-16 23:42:00,On Time,95
DXB1362,MUM,DXB,2024-04-16 13:37:00,Delayed,97
DXB1363,DEL,DXB,2024-04-17 06:17:00,Cancelled,84
DXB1364,MUM,DXB,2024-04-17 02:18:00,On Time,164
DXB1365,JFK,DXB,2024-04-16 23:52:00,On Time,46
DXB1366,CDG,DXB,2024-04-16 12:38:00,Cancelled,119
DXB1367,LHR,DXB,2024-04-17 03:59:00,Cancelled,98
DXB1368,DEL,DXB,2024-04-16 22:55:00,Delayed,285
DXB1369,DEL,DXB,2024-04-16 12:32:00,Delayed,112
DXB1370,MUM,DXB,2024-04-16 21:56:00,Delayed,283
DXB1371,DEL,DXB,2024-04-16 18:19:00,Cancelled,148
DXB1372,JFK,DXB,2024-04-16 22:21:00,On Time,59
DXB1373,JFK,DXB,2024-04-16 23:30:00,On Time,111
DXB1374,MUM,DXB,2024-04-16 12:48:00,Delayed,213
DXB1375,JFK,DXB,2024-04-16 20:03:00,On Time,37
DXB1376,CDG,DXB,2024-04-16 22:52:00,Diverted,168
DXB1377,MUM,DXB,2024-04-16 12:31:00,Delayed,107
DXB1378,CDG,DXB,2024-04-17 02:09:00,On Time,93
DXB1379,LHR,DXB,2024-04-16 16:02:00,Delayed,206
DXB1380,CDG,DXB,2024-04-16 23:35:00,On Time,41
DXB1381,LHR,DXB,2024-04-16 12:07:00,Diverted,40
DXB1382,LHR,DXB,2024-04-16 10:35:00,On Time,111
DXB1383,CDG,DXB,2024-04-17 01:50:00,On Time,50
DXB1384,MUM,DXB,2024-04-16 15:33:00,Delayed,123
DXB1385,JFK,DXB,2024-04-16 11:20:00,On Time,69
DXB1386,JFK,DXB,2024-04-16 10:03:00,On Time,83
DXB1387,LHR,DXB,2024-04-16 08:00:00,On Time,75
DXB1388,LHR,DXB,2024-04-17 00:07:00,On Time,144
DXB1389,MUM,DXB,2024-04-16 22:14:00,Diverted,69
DXB1390,DEL,DXB,2024-04-16 18:39:00,Delayed,241
DXB1391,CDG,DXB,2024-04-16 11:10:00,On Time,111
DXB1392,LHR,DXB,2024-04-16 16:35:00,Delayed,184
DXB1393,JFK,DXB,2024-04-16 15:21:00,Delayed,238
DXB1394,MUM,DXB,2024-04-16 10:22:00,On Time,52
DXB1395,CDG,DXB,2024-04-17 04:14:00,On Time,133
DXB1396,MUM,DXB,2024-04-16 16:52:00,Delayed,98
DXB1397,CDG,DXB,2024-04-16 11:46:00,On Time,171
DXB1398,CDG,DXB,2024-04-17 06:16:00,On Time,168
DXB1399,LHR,DXB,2024-04-16 23:48:00,Diverted,49
DXB1400,MUM,DXB,2024-04-17 06:05:00,On Time,93
DXB1401,MUM,DXB,2024-04-16 15:39:00,Delayed,319
DXB1402,JFK,DXB,2024-04-17 07:44:00,On Time,101
DXB1403,JFK,DXB,2024-04-16 17:10:00,Delayed,62
DXB1404,LHR,DXB,2024-04-16 14:32:00,Delayed,123
DXB1405,LHR,DXB,2024-04-16 22:04:00,On Time,111
DXB1406,DEL,DXB,2024-04-17 04:30:00,Delayed,88
DXB1407,JFK,DXB,2024-04-16 11:29:00,On Time,85
DXB1408,CDG,DXB,2024-04-17 02:58:00,On Time,17
DXB1409,MUM,DXB,2024-04-16 18:45:00,Cancelled,72
DXB1410,LHR,DXB,2024-04-17 05:14:00,On Time,46
DXB1411,MUM,DXB,2024-04-16 11:38:00,On Time,45
DXB1412,MUM,DXB,2024-04-16 14:46:00,Delayed,70
DXB1413,DEL,DXB,2024-04-17 06:57:00,On Time,57
DXB1414,JFK,DXB,2024-04-16 22:47:00,On Time,149
DXB1415,LHR,DXB,2024-04-16 17:17:00,Diverted,119
DXB1416,MUM,DXB,2024-04-16 17:09:00,Delayed,156
DXB1417,LHR,DXB,2024-04-16 10:21:00,On Time,75
DXB1418,CDG,DXB,2024-04-16 18:11:00,Delayed,262
DXB1419,DEL,DXB,2024-04-16 16:20:00,Cancelled,20
DXB1420,CDG,DXB,2024-04-16 21:59:00,Delayed,80
DXB1421,LHR,DXB,2024-04-16 19:41:00,On Time,24
DXB1422,LHR,DXB,2024-04-16 17:55:00,Delayed,98
DXB1423,JFK,DXB,2024-04-16 12:40:00,Cancelled,104
DXB1424,MUM,DXB,2024-04-16 15:03:00,Delayed,282
DXB1425,MUM,DXB,2024-04-16 22:15:00,On Time,163
DXB1426,CDG,DXB,2024-04-16 12:29:00,Diverted,140
DXB1427,DEL,DXB,2024-04-16 10:33:00,On Time,111
DXB1428,MUM,DXB,2024-04-16 18:13:00,Cancelled,88
DXB1429,JFK,DXB,2024-04-16 19:01:00,On Time,129
DXB1430,CDG,DXB,2024-04-16 09:22:00,Delayed,161
DXB1431,CDG,DXB,2024-04-16 23:46:00,On Time,70
DXB1432,JFK,DXB,2024-04-16 22:58:00,Delayed,105
DXB1433,DEL,DXB,2024-04-17 05:38:00,On Time,46
DXB1434,JFK,DXB,2024-04-16 12:43:00,Delayed,125
DXB1435,DEL,DXB,2024-04-17 00:19:00,On Time,76
DXB1436,JFK,DXB,2024-04-16 10:52:00,Diverted,169
DXB1437,JFK,DXB,2024-04-17 06:30:00,On Time,42
DXB1438,LHR,DXB,2024-04-17 02:06:00,Diverted,78
DXB1439,CDG,DXB,2024-04-17 02:16:00,On Time,144
DXB1440,JFK,DXB,2024-04-16 20:42:00,On Time,141
DXB1441,JFK,DXB,2024-04-17 07:18:00,On Time,50
DXB1442,MUM,DXB,2024-04-16 18:32:00,Cancelled,128
DXB1443,CDG,DXB,2024-04-16 21:06:00,Delayed,150
DXB1444,MUM,DXB,2024-04-16 23:42:00,Diverted,29
DXB1445,CDG,DXB,2024-04-17 00:51:00,Cancelled,103
DXB1446,MUM,DXB,2024-04-16 14:37:00,Delayed,223
DXB1447,JFK,DXB,2024-04-17 03:03:00,On Time,88
DXB1448,JFK,DXB,2024-04-16 23:33:00,On Time,39
DXB1449,LHR,DXB,2024-04-16 19:15:00,Diverted,115
DXB1450,MUM,DXB,2024-04-16 23:35:00,On Time,131
DXB1451,DEL,DXB,2024-04-16 15:44:00,Delayed,170
DXB1452,LHR,DXB,2024-04-16 12:45:00,Delayed,182
DXB1453,MUM,DXB,2024-04-16 12:24:00,Delayed,252
DXB1454,MUM,DXB,2024-04-16 13:19:00,Diverted,134
DXB1455,LHR,DXB,2024-04-16 19:12:00,On Time,111
DXB1456,JFK,DXB,2024-04-17 07:19:00,On Time,159
DXB1457,MUM,DXB,2024-04-16 21:39:00,On Time,71
DXB1458,JFK,DXB,2024-04-16 09:28:00,On Time,144
DXB1459,LHR,DXB,2024-04-17 04:26:00,On Time,110
DXB1460,JFK,DXB,2024-04-16 21:40:00,On Time,135
DXB1461,CDG,DXB,2024-04-17 00:40:00,Delayed,158
DXB1462,DEL,DXB,2024-04-16 13:33:00,Diverted,151
DXB1463,MUM,DXB,2024-04-16 11:41:00,On Time,82
DXB1464,DEL,DXB,2024-04-16 08:40:00,On Time,95
DXB1465,JFK,DXB,2024-04-16 09:07:00,Diverted,31
DXB1466,MUM,DXB,2024-04-17 00:27:00,On Time,131
DXB1467,JFK,DXB,2024-04-16 16:33:00,Cancelled,64
DXB1468,CDG,DXB,2024-04-17 03:10:00,On Time,126
DXB1469,LHR,DXB,2024-04-17 05:18:00,On Time,108
DXB1470,MUM,DXB,2024-04-16 19:34:00,On Time,99
DXB1471,CDG,DXB,2024-04-17 01:19:00,Diverted,163
DXB1472,CDG,DXB,2024-04-16 15:56:00,Cancelled,160
DXB1473,MUM,DXB,2024-04-17 02:05:00,On Time,171
DXB1474,JFK,DXB,2024-04-16 22:40:00,On Time,166
DXB1475,CDG,DXB,2024-04-16 15:11:00,Delayed,350
DXB1476,DEL,DXB,2024-04-16 12:27:00,Delayed,218
DXB1477,CDG,DXB,2024-04-17 01:38:00,Delayed,162
DXB1478,JFK,DXB,2024-04-16 20:58:00,Delayed,340
DXB1479,JFK,DXB,2024-04-16 16:13:00,Diverted,56
DXB1480,DEL,DXB,2024-04-16 19:00:00,Diverted,115
DXB1481,CDG,DXB,2024-04-17 06:28:00,Delayed,102
DXB1482,JFK,DXB,2024-04-17 06:07:00,Delayed,143
DXB1483,MUM,DXB,2024-04-17 05:39:00,On Time,31
DXB1484,LHR,DXB,2024-04-17 00:52:00,On Time,87
DXB1485,LHR,DXB,2024-04-17 04:24:00,On Time,28
DXB1486,LHR,DXB,2024-04-17 06:27:00,On Time,171
DXB1487,CDG,DXB,2024-04-17 01:38:00,On Time,146
DXB1488,DEL,DXB,2024-04-17 00:16:00,On Time,96
DXB1489,JFK,DXB,2024-04-16 16:01:00,Cancelled,162
DXB1490,MUM,DXB,2024-04-16 20:07:00,Cancelled,134
DXB1491,MUM,DXB,2024-04-16 15:59:00,Diverted,134
DXB1492,CDG,DXB,2024-04-17 02:08:00,On Time,61
DXB1493,LHR,DXB,2024-04-17 01:11:00,On Time,121
DXB1494,CDG,DXB,2024-04-17 06:04:00,On Time,122
DXB1495,DEL,DXB,2024-04-16 13:42:00,Delayed,250
DXB1496,DEL,DXB,2024-04-16 13:31:00,Cancelled,93
DXB1497,JFK,DXB,2024-04-16 15:17:00,Diverted,169
DXB1498,JFK,DXB,2024-04-16 10:53:00,On Time,29
DXB1499,DEL,DXB,2024-04-16 17:18:00,Delayed,110
DXB1500,DEL,DXB,2024-04-16 16:46:00,Cancelled,104
